/* INSERT QUERY NO: 1 */
INSERT INTO Wilaya(id, Nom)
VALUES
(
1, 'ADRAR'
);

/* INSERT QUERY NO: 2 */
INSERT INTO Wilaya(id, Nom)
VALUES
(
2, 'CHLEF'
);

/* INSERT QUERY NO: 3 */
INSERT INTO Wilaya(id, Nom)
VALUES
(
3, 'LAGHOUAT'
);

/* INSERT QUERY NO: 4 */
INSERT INTO Wilaya(id, Nom)
VALUES
(
4, 'OUM EL BOUAGHI'
);

/* INSERT QUERY NO: 5 */
INSERT INTO Wilaya(id, Nom)
VALUES
(
5, ' BATNA '
);

/* INSERT QUERY NO: 6 */
INSERT INTO Wilaya(id, Nom)
VALUES
(
6, ' BEJAÏA '
);

/* INSERT QUERY NO: 7 */
INSERT INTO Wilaya(id, Nom)
VALUES
(
7, ' BISKRA'
);

/* INSERT QUERY NO: 8 */
INSERT INTO Wilaya(id, Nom)
VALUES
(
8, 'BÉCHAR'
);

/* INSERT QUERY NO: 9 */
INSERT INTO Wilaya(id, Nom)
VALUES
(
9, 'BLIDA'
);

/* INSERT QUERY NO: 10 */
INSERT INTO Wilaya(id, Nom)
VALUES
(
10, 'BOUIRA'
);

/* INSERT QUERY NO: 11 */
INSERT INTO Wilaya(id, Nom)
VALUES
(
11, 'TAMANRASSET'
);

/* INSERT QUERY NO: 12 */
INSERT INTO Wilaya(id, Nom)
VALUES
(
12, 'TEBESSA'
);

/* INSERT QUERY NO: 13 */
INSERT INTO Wilaya(id, Nom)
VALUES
(
13, 'TLEMCEN'
);

/* INSERT QUERY NO: 14 */
INSERT INTO Wilaya(id, Nom)
VALUES
(
14, 'TIARET'
);

/* INSERT QUERY NO: 15 */
INSERT INTO Wilaya(id, Nom)
VALUES
(
15, 'TIZI OUZOU'
);

/* INSERT QUERY NO: 16 */
INSERT INTO Wilaya(id, Nom)
VALUES
(
16, 'ALGER'
);

/* INSERT QUERY NO: 17 */
INSERT INTO Wilaya(id, Nom)
VALUES
(
17, 'DJELFA'
);

/* INSERT QUERY NO: 18 */
INSERT INTO Wilaya(id, Nom)
VALUES
(
18, 'JIJEL'
);

/* INSERT QUERY NO: 19 */
INSERT INTO Wilaya(id, Nom)
VALUES
(
19, 'SÉTIF'
);

/* INSERT QUERY NO: 20 */
INSERT INTO Wilaya(id, Nom)
VALUES
(
20, 'SAÏDA'
);

/* INSERT QUERY NO: 21 */
INSERT INTO Wilaya(id, Nom)
VALUES
(
21, 'SKIKDA'
);

/* INSERT QUERY NO: 22 */
INSERT INTO Wilaya(id, Nom)
VALUES
(
22, 'SIDI BEL ABBÈS '
);

/* INSERT QUERY NO: 23 */
INSERT INTO Wilaya(id, Nom)
VALUES
(
23, 'ANNABA '
);

/* INSERT QUERY NO: 24 */
INSERT INTO Wilaya(id, Nom)
VALUES
(
24, 'GUELMA '
);

/* INSERT QUERY NO: 25 */
INSERT INTO Wilaya(id, Nom)
VALUES
(
25, 'CONSTANTINE '
);

/* INSERT QUERY NO: 26 */
INSERT INTO Wilaya(id, Nom)
VALUES
(
26, 'MÉDÉA '
);

/* INSERT QUERY NO: 27 */
INSERT INTO Wilaya(id, Nom)
VALUES
(
27, 'MOSTAGANEM '
);

/* INSERT QUERY NO: 28 */
INSERT INTO Wilaya(id, Nom)
VALUES
(
28, 'MSILA '
);

/* INSERT QUERY NO: 29 */
INSERT INTO Wilaya(id, Nom)
VALUES
(
29, 'MASCARA '
);

/* INSERT QUERY NO: 30 */
INSERT INTO Wilaya(id, Nom)
VALUES
(
30, 'OUARGLA '
);

/* INSERT QUERY NO: 31 */
INSERT INTO Wilaya(id, Nom)
VALUES
(
31, 'ORAN '
);

/* INSERT QUERY NO: 32 */
INSERT INTO Wilaya(id, Nom)
VALUES
(
32, 'EL BAYADH '
);

/* INSERT QUERY NO: 33 */
INSERT INTO Wilaya(id, Nom)
VALUES
(
33, 'ILLIZI '
);

/* INSERT QUERY NO: 34 */
INSERT INTO Wilaya(id, Nom)
VALUES
(
34, 'BORDJ BOU ARRERIDJ '
);

/* INSERT QUERY NO: 35 */
INSERT INTO Wilaya(id, Nom)
VALUES
(
35, 'BOUMERDÈS '
);

/* INSERT QUERY NO: 36 */
INSERT INTO Wilaya(id, Nom)
VALUES
(
36, 'EL TARF '
);

/* INSERT QUERY NO: 37 */
INSERT INTO Wilaya(id, Nom)
VALUES
(
37, 'TINDOUF '
);

/* INSERT QUERY NO: 38 */
INSERT INTO Wilaya(id, Nom)
VALUES
(
38, 'TISSEMSILT '
);

/* INSERT QUERY NO: 39 */
INSERT INTO Wilaya(id, Nom)
VALUES
(
39, 'EL OUED '
);

/* INSERT QUERY NO: 40 */
INSERT INTO Wilaya(id, Nom)
VALUES
(
40, 'KHENCHELA '
);

/* INSERT QUERY NO: 41 */
INSERT INTO Wilaya(id, Nom)
VALUES
(
41, 'SOUK AHRAS '
);

/* INSERT QUERY NO: 42 */
INSERT INTO Wilaya(id, Nom)
VALUES
(
42, 'TIPAZA '
);

/* INSERT QUERY NO: 43 */
INSERT INTO Wilaya(id, Nom)
VALUES
(
43, 'MILA '
);

/* INSERT QUERY NO: 44 */
INSERT INTO Wilaya(id, Nom)
VALUES
(
44, 'AÏN DEFLA '
);

/* INSERT QUERY NO: 45 */
INSERT INTO Wilaya(id, Nom)
VALUES
(
45, 'NAÂMA '
);

/* INSERT QUERY NO: 46 */
INSERT INTO Wilaya(id, Nom)
VALUES
(
46, 'AÏN TÉMOUCHENT '
);

/* INSERT QUERY NO: 47 */
INSERT INTO Wilaya(id, Nom)
VALUES
(
47, 'GHARDAIA'
);

/* INSERT QUERY NO: 48 */
INSERT INTO Wilaya(id, Nom)
VALUES
(
48, 'RELIZANE'
);
/* INSERT QUERY NO: 1 */
INSERT INTO Stade(id, Nom, Location)
VALUES
(
1, 'REGHAIA', 'Cité tarek ben zyad n° 5'
);

/* INSERT QUERY NO: 2 */
INSERT INTO Stade(id, Nom, Location)
VALUES
(
2, 'REGHAIA', 'mohamed baye rghaya'
);

/* INSERT QUERY NO: 3 */
INSERT INTO Stade(id, Nom, Location)
VALUES
(
3, 'Maamria', 'rut principal stade communal heuraoua arbi abdelouahab'
);

/* INSERT QUERY NO: 4 */
INSERT INTO Stade(id, Nom, Location)
VALUES
(
4, 'BORDJ EL-KIFFAN ( Bouazza)', 'Ex Dispensaire BP 31 Dergana'
);

/* INSERT QUERY NO: 5 */
INSERT INTO Stade(id, Nom, Location)
VALUES
(
5, 'ROUIBA CHEBCHEB', 'Cite 20 Aout'
);

/* INSERT QUERY NO: 6 */
INSERT INTO Stade(id, Nom, Location)
VALUES
(
6, 'stade communal de bordj el bahri', 'BORDJ EL-BAHRI'
);

/* INSERT QUERY NO: 7 */
INSERT INTO Stade(id, Nom, Location)
VALUES
(
7, 'HAI ENNASR', 'HAI SOUACHETTE ROUIBA ALGER'
);

/* INSERT QUERY NO: 8 */
INSERT INTO Stade(id, Nom, Location)
VALUES
(
8, 'BORDJ EL-KIFFAN ( Bouazza)', 'Salle multisport cité 11 décembre 1960 APC BORDJ EL KIFFANE'
);

/* INSERT QUERY NO: 9 */
INSERT INTO Stade(id, Nom, Location)
VALUES
(
9, 'BORDJ EL-KIFFAN ( Bouazza)', 'Cité Bounâama Bt B N°04'
);

/* INSERT QUERY NO: 10 */
INSERT INTO Stade(id, Nom, Location)
VALUES
(
10, 'stade du hamiz les orangers', 'EL-HAMIZ'
);

/* INSERT QUERY NO: 11 */
INSERT INTO Stade(id, Nom, Location)
VALUES
(
11, 'AIN TAYA', 'RUE SI LAKHDER AIN TAYA ALGER'
);
/* INSERT QUERY NO: 1 */
INSERT INTO Saison(id, dateDebut, dateFin)
VALUES
(
'2021/2022', '2022-01-08', '2022-06-03'
);
/* INSERT QUERY NO: 1 */
INSERT INTO Equipe(id, Nom, Couleurs, idStade)
VALUES
(
'AASR', 'A A S REGHAIA', 'BLUE-BLANC', 1
);

/* INSERT QUERY NO: 2 */
INSERT INTO Equipe(id, Nom, Couleurs, idStade)
VALUES
(
'ESMBR', 'E S M B REGHAIA', 'ROUGE-BLANC', 2
);

/* INSERT QUERY NO: 3 */
INSERT INTO Equipe(id, Nom, Couleurs, idStade)
VALUES
(
'JSOMA', 'J S O Maamria', 'VERT-BLANC', 3
);

/* INSERT QUERY NO: 4 */
INSERT INTO Equipe(id, Nom, Couleurs, idStade)
VALUES
(
'CRD', 'C R Dergana', 'ROUGE-BLANC', 4
);

/* INSERT QUERY NO: 5 */
INSERT INTO Equipe(id, Nom, Couleurs, idStade)
VALUES
(
'JSMR', 'J S M ROUIBA', 'ROUGE-NOIR', 5
);

/* INSERT QUERY NO: 6 */
INSERT INTO Equipe(id, Nom, Couleurs, idStade)
VALUES
(
'JSBB', 'Jil Saad Bordj el Bahri', 'BLUE-NOIR', 6
);

/* INSERT QUERY NO: 7 */
INSERT INTO Equipe(id, Nom, Couleurs, idStade)
VALUES
(
'CRS', 'C R SOUACHETTE', 'ROUGE-NOIR', 7
);

/* INSERT QUERY NO: 8 */
INSERT INTO Equipe(id, Nom, Couleurs, idStade)
VALUES
(
'WRDBK', 'W R D BORDJ EL-KIFFAN', 'VERT-BLANC', 8
);

/* INSERT QUERY NO: 9 */
INSERT INTO Equipe(id, Nom, Couleurs, idStade)
VALUES
(
'CMBK', 'C M BORDJ EL-KIFFAN', 'ROUGE-NOIR', 9
);

/* INSERT QUERY NO: 10 */
INSERT INTO Equipe(id, Nom, Couleurs, idStade)
VALUES
(
'CRBH', 'C R B HEURAOUA', 'JEUNE-BLUE', 3
);

/* INSERT QUERY NO: 11 */
INSERT INTO Equipe(id, Nom, Couleurs, idStade)
VALUES
(
'CRH', 'C R HAMIZ', 'ROUGE-BLANC', 10
);

/* INSERT QUERY NO: 12 */
INSERT INTO Equipe(id, Nom, Couleurs, idStade)
VALUES
(
'IRBAT', 'I R B Ain Taya', 'VERT-ROUGE', 11
);
/* INSERT QUERY NO: 1 */
INSERT INTO EquipeWilaya(idEquipe, idWilaya)
VALUES
(
'AASR', 16
);

/* INSERT QUERY NO: 2 */
INSERT INTO EquipeWilaya(idEquipe, idWilaya)
VALUES
(
'ESMBR', 16
);

/* INSERT QUERY NO: 3 */
INSERT INTO EquipeWilaya(idEquipe, idWilaya)
VALUES
(
'JSOMA', 16
);

/* INSERT QUERY NO: 4 */
INSERT INTO EquipeWilaya(idEquipe, idWilaya)
VALUES
(
'CRD', 16
);

/* INSERT QUERY NO: 5 */
INSERT INTO EquipeWilaya(idEquipe, idWilaya)
VALUES
(
'JSMR', 16
);

/* INSERT QUERY NO: 6 */
INSERT INTO EquipeWilaya(idEquipe, idWilaya)
VALUES
(
'JSBB', 16
);

/* INSERT QUERY NO: 7 */
INSERT INTO EquipeWilaya(idEquipe, idWilaya)
VALUES
(
'CRS', 16
);

/* INSERT QUERY NO: 8 */
INSERT INTO EquipeWilaya(idEquipe, idWilaya)
VALUES
(
'WRDBK', 16
);

/* INSERT QUERY NO: 9 */
INSERT INTO EquipeWilaya(idEquipe, idWilaya)
VALUES
(
'CMBK', 16
);

/* INSERT QUERY NO: 10 */
INSERT INTO EquipeWilaya(idEquipe, idWilaya)
VALUES
(
'CRBH', 16
);

/* INSERT QUERY NO: 11 */
INSERT INTO EquipeWilaya(idEquipe, idWilaya)
VALUES
(
'CRH', 16
);

/* INSERT QUERY NO: 12 */
INSERT INTO EquipeWilaya(idEquipe, idWilaya)
VALUES
(
'IRBAT', 16
);
/* INSERT QUERY NO: 1 */
INSERT INTO Joueur(id, idEquipe, Nom, Prenom, Categorie, dateNaissance)
VALUES
(
16, 'JSOMA', 'BELLA ', 'ILAS', 'GARDIEN DE BUT', '2002-03-09'
);

/* INSERT QUERY NO: 2 */
INSERT INTO Joueur(id, idEquipe, Nom, Prenom, Categorie, dateNaissance)
VALUES
(
30, 'JSOMA', 'LEBCIR ', 'ABDERAZZAK', 'GARDIEN DE BUT', '1988-07-05'
);

/* INSERT QUERY NO: 3 */
INSERT INTO Joueur(id, idEquipe, Nom, Prenom, Categorie, dateNaissance)
VALUES
(
1, 'JSOMA', 'BERROUSSI ', 'IMAD', 'GARDIEN DE BUT', '2000-09-18'
);

/* INSERT QUERY NO: 4 */
INSERT INTO Joueur(id, idEquipe, Nom, Prenom, Categorie, dateNaissance)
VALUES
(
28, 'JSOMA', 'ATTIG ', 'AHMED AYMEN EDDINE', 'DÉFENSEUR', '1995-07-03'
);

/* INSERT QUERY NO: 5 */
INSERT INTO Joueur(id, idEquipe, Nom, Prenom, Categorie, dateNaissance)
VALUES
(
18, 'JSOMA', 'TAGOUNAMANE', 'BILLAL', 'DÉFENSEUR', '1991-07-17'
);

/* INSERT QUERY NO: 6 */
INSERT INTO Joueur(id, idEquipe, Nom, Prenom, Categorie, dateNaissance)
VALUES
(
4, 'JSOMA', 'BAHMED ', 'TOUFIK', 'DÉFENSEUR', '1996-10-20'
);

/* INSERT QUERY NO: 7 */
INSERT INTO Joueur(id, idEquipe, Nom, Prenom, Categorie, dateNaissance)
VALUES
(
22, 'JSOMA', 'BEHAR', 'MOKHTAR', 'DÉFENSEUR', '2000-02-13'
);

/* INSERT QUERY NO: 8 */
INSERT INTO Joueur(id, idEquipe, Nom, Prenom, Categorie, dateNaissance)
VALUES
(
3, 'JSOMA', 'BENDECHACHE', 'MOHAMED LAMINE', 'DÉFENSEUR', '1992-03-19'
);

/* INSERT QUERY NO: 9 */
INSERT INTO Joueur(id, idEquipe, Nom, Prenom, Categorie, dateNaissance)
VALUES
(
2, 'JSOMA', 'AROUS', 'RAFIK', 'DÉFENSEUR', '1995-05-28'
);

/* INSERT QUERY NO: 10 */
INSERT INTO Joueur(id, idEquipe, Nom, Prenom, Categorie, dateNaissance)
VALUES
(
19, 'JSOMA', 'BOUAFIA ', 'AHMED ALAMINE', 'MILIEU DE TERRAIN', '1999-05-28'
);

/* INSERT QUERY NO: 11 */
INSERT INTO Joueur(id, idEquipe, Nom, Prenom, Categorie, dateNaissance)
VALUES
(
21, 'JSOMA', 'FEZZA ', 'CHOUAIB', 'DÉFENSEUR', '2001-02-06'
);

/* INSERT QUERY NO: 12 */
INSERT INTO Joueur(id, idEquipe, Nom, Prenom, Categorie, dateNaissance)
VALUES
(
14, 'JSOMA', 'DJEMMAH ', 'OUSSAMA', 'DÉFENSEUR', '1995-06-19'
);

/* INSERT QUERY NO: 13 */
INSERT INTO Joueur(id, idEquipe, Nom, Prenom, Categorie, dateNaissance)
VALUES
(
20, 'JSOMA', 'BOUCHENEB ', 'ZAKARIA', 'MILIEU DE TERRAIN', '1992-10-21'
);

/* INSERT QUERY NO: 14 */
INSERT INTO Joueur(id, idEquipe, Nom, Prenom, Categorie, dateNaissance)
VALUES
(
10, 'JSOMA', 'SLIMANI ', 'IBRAHIM', 'MILIEU DE TERRAIN', '1990-03-31'
);

/* INSERT QUERY NO: 15 */
INSERT INTO Joueur(id, idEquipe, Nom, Prenom, Categorie, dateNaissance)
VALUES
(
8, 'JSOMA', 'OULD TALEB', 'HAFID', 'MILIEU DE TERRAIN', '1993-03-30'
);

/* INSERT QUERY NO: 16 */
INSERT INTO Joueur(id, idEquipe, Nom, Prenom, Categorie, dateNaissance)
VALUES
(
5, 'JSOMA', 'KHANFRI ', 'ABDERRAHMANE', 'MILIEU DE TERRAIN', '1992-06-28'
);

/* INSERT QUERY NO: 17 */
INSERT INTO Joueur(id, idEquipe, Nom, Prenom, Categorie, dateNaissance)
VALUES
(
15, 'JSOMA', 'AMRAOUI ', 'FARES', 'MILIEU DE TERRAIN', '2002-09-27'
);

/* INSERT QUERY NO: 18 */
INSERT INTO Joueur(id, idEquipe, Nom, Prenom, Categorie, dateNaissance)
VALUES
(
24, 'JSOMA', 'IRID ', 'YOUCEF', 'MILIEU DE TERRAIN', '2001-06-21'
);

/* INSERT QUERY NO: 19 */
INSERT INTO Joueur(id, idEquipe, Nom, Prenom, Categorie, dateNaissance)
VALUES
(
6, 'JSOMA', 'KHERABI ', 'FARES', 'MILIEU DE TERRAIN', '1992-01-22'
);

/* INSERT QUERY NO: 20 */
INSERT INTO Joueur(id, idEquipe, Nom, Prenom, Categorie, dateNaissance)
VALUES
(
9, 'JSOMA', 'AMIR ', 'MOHAMED', 'ATTAQUANT', '1993-03-14'
);

/* INSERT QUERY NO: 21 */
INSERT INTO Joueur(id, idEquipe, Nom, Prenom, Categorie, dateNaissance)
VALUES
(
13, 'JSOMA', 'TELLACHE ', 'YACINE', 'ATTAQUANT', '2002-05-24'
);

/* INSERT QUERY NO: 22 */
INSERT INTO Joueur(id, idEquipe, Nom, Prenom, Categorie, dateNaissance)
VALUES
(
11, 'JSOMA', 'BEDJAOUI ', 'AISSA', 'ATTAQUANT', '1989-09-27'
);

/* INSERT QUERY NO: 23 */
INSERT INTO Joueur(id, idEquipe, Nom, Prenom, Categorie, dateNaissance)
VALUES
(
23, 'JSOMA', 'HORRI', 'AHMED ISLAM', 'ATTAQUANT', '2002-11-03'
);

/* INSERT QUERY NO: 24 */
INSERT INTO Joueur(id, idEquipe, Nom, Prenom, Categorie, dateNaissance)
VALUES
(
29, 'JSOMA', 'BENTABBOUCHE ', 'HAMZA', 'ATTAQUANT', '1984-10-05'
);

/* INSERT QUERY NO: 25 */
INSERT INTO Joueur(id, idEquipe, Nom, Prenom, Categorie, dateNaissance)
VALUES
(
17, 'JSOMA', 'BEDAOUI ', 'BILEL', 'ATTAQUANT', '1999-10-11'
);

/* INSERT QUERY NO: 26 */
INSERT INTO Joueur(id, idEquipe, Nom, Prenom, Categorie, dateNaissance)
VALUES
(
7, 'JSOMA', 'ALIANI ', 'HAMZA', 'ATTAQUANT', '1993-06-06'
);

/* INSERT QUERY NO: 27 */
INSERT INTO Joueur(id, idEquipe, Nom, Prenom, Categorie, dateNaissance)
VALUES
(
12, 'JSOMA', 'KANOUN', 'SEDDIK', 'ATTAQUANT', '1994-12-02'
);

/* INSERT QUERY NO: 28 */
INSERT INTO Joueur(id, idEquipe, Nom, Prenom, Categorie, dateNaissance)
VALUES
(
1, 'ESMBR', 'NACER-BEY', 'MOHAMED AMINE', 'GARDIEN DE BUT', '1994-07-08'
);

/* INSERT QUERY NO: 29 */
INSERT INTO Joueur(id, idEquipe, Nom, Prenom, Categorie, dateNaissance)
VALUES
(
30, 'ESMBR', 'KESRAOUI ', 'ISLAM', 'GARDIEN DE BUT', '1994-10-08'
);

/* INSERT QUERY NO: 30 */
INSERT INTO Joueur(id, idEquipe, Nom, Prenom, Categorie, dateNaissance)
VALUES
(
24, 'ESMBR', 'RAHLI ', 'MOUNIR', 'DÉFENSEUR', '1988-10-08'
);

/* INSERT QUERY NO: 31 */
INSERT INTO Joueur(id, idEquipe, Nom, Prenom, Categorie, dateNaissance)
VALUES
(
18, 'ESMBR', 'AMAOUCHE', 'MOHAMED', 'ATTAQUANT', '2002-09-26'
);

/* INSERT QUERY NO: 32 */
INSERT INTO Joueur(id, idEquipe, Nom, Prenom, Categorie, dateNaissance)
VALUES
(
20, 'ESMBR', 'MAHSAS', 'HICINE', 'ATTAQUANT', '1991-02-10'
);

/* INSERT QUERY NO: 33 */
INSERT INTO Joueur(id, idEquipe, Nom, Prenom, Categorie, dateNaissance)
VALUES
(
21, 'ESMBR', 'BENTABET', 'MOHAMED WALID', 'ATTAQUANT', '1992-06-09'
);

/* INSERT QUERY NO: 34 */
INSERT INTO Joueur(id, idEquipe, Nom, Prenom, Categorie, dateNaissance)
VALUES
(
22, 'ESMBR', 'CHAOUCHE', 'HOCINE', 'ATTAQUANT', '1998-10-11'
);

/* INSERT QUERY NO: 35 */
INSERT INTO Joueur(id, idEquipe, Nom, Prenom, Categorie, dateNaissance)
VALUES
(
29, 'ESMBR', 'BOUDJIRA', 'MOHAMED', 'ATTAQUANT', '2002-12-23'
);

/* INSERT QUERY NO: 36 */
INSERT INTO Joueur(id, idEquipe, Nom, Prenom, Categorie, dateNaissance)
VALUES
(
2, 'ESMBR', 'NESSAR ', 'ANTAR', 'DÉFENSEUR', '1993-03-31'
);

/* INSERT QUERY NO: 37 */
INSERT INTO Joueur(id, idEquipe, Nom, Prenom, Categorie, dateNaissance)
VALUES
(
33, 'ESMBR', 'BENCHERNINE ', 'RABAH', 'DÉFENSEUR', '1990-07-28'
);

/* INSERT QUERY NO: 38 */
INSERT INTO Joueur(id, idEquipe, Nom, Prenom, Categorie, dateNaissance)
VALUES
(
34, 'ESMBR', 'HAMMAMI ', 'ISLEM', 'DÉFENSEUR', '2001-09-29'
);

/* INSERT QUERY NO: 39 */
INSERT INTO Joueur(id, idEquipe, Nom, Prenom, Categorie, dateNaissance)
VALUES
(
5, 'ESMBR', 'ZEBICHE', 'WALID', 'DÉFENSEUR', '1994-10-09'
);

/* INSERT QUERY NO: 40 */
INSERT INTO Joueur(id, idEquipe, Nom, Prenom, Categorie, dateNaissance)
VALUES
(
23, 'ESMBR', 'BOUKHAMLA', 'OUSSAMA', 'DÉFENSEUR', '1998-01-05'
);

/* INSERT QUERY NO: 41 */
INSERT INTO Joueur(id, idEquipe, Nom, Prenom, Categorie, dateNaissance)
VALUES
(
35, 'ESMBR', 'AKAK', 'YOUCEF', 'DÉFENSEUR', '2001-02-24'
);

/* INSERT QUERY NO: 42 */
INSERT INTO Joueur(id, idEquipe, Nom, Prenom, Categorie, dateNaissance)
VALUES
(
28, 'ESMBR', 'NAILI', 'ZOUBIR', 'DÉFENSEUR', '2002-06-21'
);

/* INSERT QUERY NO: 43 */
INSERT INTO Joueur(id, idEquipe, Nom, Prenom, Categorie, dateNaissance)
VALUES
(
12, 'ESMBR', 'DJELALIA', 'MOHAMED ZINE', 'DÉFENSEUR', '2001-03-20'
);

/* INSERT QUERY NO: 44 */
INSERT INTO Joueur(id, idEquipe, Nom, Prenom, Categorie, dateNaissance)
VALUES
(
3, 'ESMBR', 'ELGUENDOUZ', 'MOHAMED ADLEN', 'DÉFENSEUR', '1994-10-09'
);

/* INSERT QUERY NO: 45 */
INSERT INTO Joueur(id, idEquipe, Nom, Prenom, Categorie, dateNaissance)
VALUES
(
13, 'ESMBR', 'DJILFRANC', 'FERHAT', 'MILIEU DE TERRAIN', '1992-04-26'
);

/* INSERT QUERY NO: 46 */
INSERT INTO Joueur(id, idEquipe, Nom, Prenom, Categorie, dateNaissance)
VALUES
(
8, 'ESMBR', 'DJILFRANK', 'MOHAMED REDA', 'MILIEU DE TERRAIN', '1991-05-30'
);

/* INSERT QUERY NO: 47 */
INSERT INTO Joueur(id, idEquipe, Nom, Prenom, Categorie, dateNaissance)
VALUES
(
10, 'ESMBR', 'AISSANI', 'MAHDI', 'MILIEU DE TERRAIN', '1992-04-26'
);

/* INSERT QUERY NO: 48 */
INSERT INTO Joueur(id, idEquipe, Nom, Prenom, Categorie, dateNaissance)
VALUES
(
19, 'ESMBR', 'DIBOUNE', 'ABDERRAHIM', 'MILIEU DE TERRAIN', '1994-10-09'
);

/* INSERT QUERY NO: 49 */
INSERT INTO Joueur(id, idEquipe, Nom, Prenom, Categorie, dateNaissance)
VALUES
(
25, 'ESMBR', 'MOKHTARI', 'MOUNIR', 'MILIEU DE TERRAIN', '1993-11-02'
);

/* INSERT QUERY NO: 50 */
INSERT INTO Joueur(id, idEquipe, Nom, Prenom, Categorie, dateNaissance)
VALUES
(
14, 'ESMBR', 'TEMZI', 'ABDELHAK', 'MILIEU DE TERRAIN', '1992-07-06'
);

/* INSERT QUERY NO: 51 */
INSERT INTO Joueur(id, idEquipe, Nom, Prenom, Categorie, dateNaissance)
VALUES
(
15, 'ESMBR', 'ZAIOU', 'ABDELMOUMEN', 'MILIEU DE TERRAIN', '1999-09-21'
);

/* INSERT QUERY NO: 52 */
INSERT INTO Joueur(id, idEquipe, Nom, Prenom, Categorie, dateNaissance)
VALUES
(
16, 'ESMBR', 'CHENANE', 'SLIMANE', 'ATTAQUANT', '1994-05-05'
);

/* INSERT QUERY NO: 53 */
INSERT INTO Joueur(id, idEquipe, Nom, Prenom, Categorie, dateNaissance)
VALUES
(
17, 'ESMBR', 'LACHI', 'NADIR', 'ATTAQUANT', '1994-08-06'
);

/* INSERT QUERY NO: 54 */
INSERT INTO Joueur(id, idEquipe, Nom, Prenom, Categorie, dateNaissance)
VALUES
(
1, 'CRD', 'TIMLIDJINE', 'ZOHIR', 'GARDIEN DE BUT', '2001-04-30'
);

/* INSERT QUERY NO: 55 */
INSERT INTO Joueur(id, idEquipe, Nom, Prenom, Categorie, dateNaissance)
VALUES
(
2, 'CRD', 'YOUSFI', 'RACHID', 'GARDIEN DE BUT', '2001-05-01'
);

/* INSERT QUERY NO: 56 */
INSERT INTO Joueur(id, idEquipe, Nom, Prenom, Categorie, dateNaissance)
VALUES
(
3, 'CRD', 'GEULLAL', 'MOHAMED ARSLANE', 'GARDIEN DE BUT', '2001-05-02'
);

/* INSERT QUERY NO: 57 */
INSERT INTO Joueur(id, idEquipe, Nom, Prenom, Categorie, dateNaissance)
VALUES
(
4, 'CRD', 'CHINOUN', 'ABDELDJABAR', 'DÉFENSEUR', '2001-05-03'
);

/* INSERT QUERY NO: 58 */
INSERT INTO Joueur(id, idEquipe, Nom, Prenom, Categorie, dateNaissance)
VALUES
(
5, 'CRD', 'CHACHE', 'ZAKARIA', 'DÉFENSEUR', '2001-05-04'
);

/* INSERT QUERY NO: 59 */
INSERT INTO Joueur(id, idEquipe, Nom, Prenom, Categorie, dateNaissance)
VALUES
(
6, 'CRD', 'REKIOUA', 'OUSSAMA', 'DÉFENSEUR', '2001-05-05'
);

/* INSERT QUERY NO: 60 */
INSERT INTO Joueur(id, idEquipe, Nom, Prenom, Categorie, dateNaissance)
VALUES
(
7, 'CRD', 'KHALFI', 'MEHDI ABDERRAOUF', 'DÉFENSEUR', '2001-05-06'
);

/* INSERT QUERY NO: 61 */
INSERT INTO Joueur(id, idEquipe, Nom, Prenom, Categorie, dateNaissance)
VALUES
(
8, 'CRD', 'AGGOU', 'TAREK', 'DÉFENSEUR', '2001-05-07'
);

/* INSERT QUERY NO: 62 */
INSERT INTO Joueur(id, idEquipe, Nom, Prenom, Categorie, dateNaissance)
VALUES
(
9, 'CRD', 'BEHRAMI', 'MOHAMED ISHAK', 'DÉFENSEUR', '2001-05-08'
);

/* INSERT QUERY NO: 63 */
INSERT INTO Joueur(id, idEquipe, Nom, Prenom, Categorie, dateNaissance)
VALUES
(
10, 'CRD', 'MEZAOUROU', 'HAZEM', 'DÉFENSEUR', '2001-05-09'
);

/* INSERT QUERY NO: 64 */
INSERT INTO Joueur(id, idEquipe, Nom, Prenom, Categorie, dateNaissance)
VALUES
(
11, 'CRD', 'CHACHE', 'TOUFIK', 'DÉFENSEUR', '2001-05-10'
);

/* INSERT QUERY NO: 65 */
INSERT INTO Joueur(id, idEquipe, Nom, Prenom, Categorie, dateNaissance)
VALUES
(
12, 'CRD', 'BENARFA', 'MOHAMED', 'DÉFENSEUR', '2001-05-11'
);

/* INSERT QUERY NO: 66 */
INSERT INTO Joueur(id, idEquipe, Nom, Prenom, Categorie, dateNaissance)
VALUES
(
13, 'CRD', 'BELLAL', 'ABDERRAHIM', 'DÉFENSEUR', '2001-05-12'
);

/* INSERT QUERY NO: 67 */
INSERT INTO Joueur(id, idEquipe, Nom, Prenom, Categorie, dateNaissance)
VALUES
(
14, 'CRD', 'ARKAB', 'HAMZA', 'DÉFENSEUR', '2001-05-13'
);

/* INSERT QUERY NO: 68 */
INSERT INTO Joueur(id, idEquipe, Nom, Prenom, Categorie, dateNaissance)
VALUES
(
15, 'CRD', 'ABBACHE', 'AHMED', 'DÉFENSEUR', '2001-05-14'
);

/* INSERT QUERY NO: 69 */
INSERT INTO Joueur(id, idEquipe, Nom, Prenom, Categorie, dateNaissance)
VALUES
(
16, 'CRD', 'IZOUAOUEN', 'MOHAMED ANIS', 'DÉFENSEUR', '2001-05-15'
);

/* INSERT QUERY NO: 70 */
INSERT INTO Joueur(id, idEquipe, Nom, Prenom, Categorie, dateNaissance)
VALUES
(
17, 'CRD', 'FILOUANE', 'ABDELHALIM LAKHDER', 'MILIEU DE TERRAIN', '2001-05-16'
);

/* INSERT QUERY NO: 71 */
INSERT INTO Joueur(id, idEquipe, Nom, Prenom, Categorie, dateNaissance)
VALUES
(
18, 'CRD', 'BOUGHERRA', 'ALI', 'MILIEU DE TERRAIN', '2001-05-17'
);

/* INSERT QUERY NO: 72 */
INSERT INTO Joueur(id, idEquipe, Nom, Prenom, Categorie, dateNaissance)
VALUES
(
19, 'CRD', 'TOUMI', 'RIAD', 'MILIEU DE TERRAIN', '2001-05-18'
);

/* INSERT QUERY NO: 73 */
INSERT INTO Joueur(id, idEquipe, Nom, Prenom, Categorie, dateNaissance)
VALUES
(
20, 'CRD', 'BOUSSALEM', 'HAROUNE', 'MILIEU DE TERRAIN', '2001-05-19'
);

/* INSERT QUERY NO: 74 */
INSERT INTO Joueur(id, idEquipe, Nom, Prenom, Categorie, dateNaissance)
VALUES
(
21, 'CRD', 'BELMOKHTAR', 'ATHMANE', 'MILIEU DE TERRAIN', '2001-05-20'
);

/* INSERT QUERY NO: 75 */
INSERT INTO Joueur(id, idEquipe, Nom, Prenom, Categorie, dateNaissance)
VALUES
(
22, 'CRD', 'BAIR', 'ABDELBARI', 'MILIEU DE TERRAIN', '2001-05-21'
);

/* INSERT QUERY NO: 76 */
INSERT INTO Joueur(id, idEquipe, Nom, Prenom, Categorie, dateNaissance)
VALUES
(
23, 'CRD', 'DJERIDI', 'HALIM', 'MILIEU DE TERRAIN', '2001-05-22'
);

/* INSERT QUERY NO: 77 */
INSERT INTO Joueur(id, idEquipe, Nom, Prenom, Categorie, dateNaissance)
VALUES
(
24, 'CRD', 'SEDOUR', 'REDA', 'ATTAQUANT', '2001-05-23'
);

/* INSERT QUERY NO: 78 */
INSERT INTO Joueur(id, idEquipe, Nom, Prenom, Categorie, dateNaissance)
VALUES
(
25, 'CRD', 'BOUCIOUF', 'IDIR', 'ATTAQUANT', '2001-05-24'
);

/* INSERT QUERY NO: 79 */
INSERT INTO Joueur(id, idEquipe, Nom, Prenom, Categorie, dateNaissance)
VALUES
(
26, 'CRD', 'AGRANE', 'YOUNES', 'ATTAQUANT', '2001-05-25'
);

/* INSERT QUERY NO: 80 */
INSERT INTO Joueur(id, idEquipe, Nom, Prenom, Categorie, dateNaissance)
VALUES
(
27, 'CRD', 'HADJ MOUSSA', 'ZAKARIA', 'ATTAQUANT', '2001-05-26'
);

/* INSERT QUERY NO: 81 */
INSERT INTO Joueur(id, idEquipe, Nom, Prenom, Categorie, dateNaissance)
VALUES
(
28, 'CRD', 'HAIDER', 'KABIL', 'ATTAQUANT', '2001-05-27'
);

/* INSERT QUERY NO: 82 */
INSERT INTO Joueur(id, idEquipe, Nom, Prenom, Categorie, dateNaissance)
VALUES
(
1, 'AASR', 'KORICHI', 'FAROUK', 'GARDIEN DE BUT', '1998-01-05'
);

/* INSERT QUERY NO: 83 */
INSERT INTO Joueur(id, idEquipe, Nom, Prenom, Categorie, dateNaissance)
VALUES
(
2, 'AASR', 'DASSI', 'KAHAIR EDDIN', 'GARDIEN DE BUT', '1998-01-06'
);

/* INSERT QUERY NO: 84 */
INSERT INTO Joueur(id, idEquipe, Nom, Prenom, Categorie, dateNaissance)
VALUES
(
3, 'AASR', 'KECILI', 'AHMED', 'GARDIEN DE BUT', '1998-01-07'
);

/* INSERT QUERY NO: 85 */
INSERT INTO Joueur(id, idEquipe, Nom, Prenom, Categorie, dateNaissance)
VALUES
(
4, 'AASR', 'SAIDOUNE', 'IMAD', 'DÉFENSEUR', '1998-01-08'
);

/* INSERT QUERY NO: 86 */
INSERT INTO Joueur(id, idEquipe, Nom, Prenom, Categorie, dateNaissance)
VALUES
(
5, 'AASR', 'GUERNOUG', 'CHARAF EDDINE', 'DÉFENSEUR', '1998-01-09'
);

/* INSERT QUERY NO: 87 */
INSERT INTO Joueur(id, idEquipe, Nom, Prenom, Categorie, dateNaissance)
VALUES
(
6, 'AASR', 'SAOUDIA', 'ISMAIL', 'DÉFENSEUR', '1998-01-10'
);

/* INSERT QUERY NO: 88 */
INSERT INTO Joueur(id, idEquipe, Nom, Prenom, Categorie, dateNaissance)
VALUES
(
7, 'AASR', 'AZZEDINE', 'ISLAM', 'DÉFENSEUR', '1998-01-11'
);

/* INSERT QUERY NO: 89 */
INSERT INTO Joueur(id, idEquipe, Nom, Prenom, Categorie, dateNaissance)
VALUES
(
8, 'AASR', 'SAID GUERNI', 'ABDELMOUMEN', 'DÉFENSEUR', '1998-01-12'
);

/* INSERT QUERY NO: 90 */
INSERT INTO Joueur(id, idEquipe, Nom, Prenom, Categorie, dateNaissance)
VALUES
(
9, 'AASR', 'BEN HADDA', 'KARIM', 'DÉFENSEUR', '1998-01-13'
);

/* INSERT QUERY NO: 91 */
INSERT INTO Joueur(id, idEquipe, Nom, Prenom, Categorie, dateNaissance)
VALUES
(
10, 'AASR', 'KADDOUR CHERIF', 'DJAMAL EDDINE', 'DÉFENSEUR', '1998-01-14'
);

/* INSERT QUERY NO: 92 */
INSERT INTO Joueur(id, idEquipe, Nom, Prenom, Categorie, dateNaissance)
VALUES
(
11, 'AASR', 'ABDELAOUI', 'YACINE', 'DÉFENSEUR', '1998-01-15'
);

/* INSERT QUERY NO: 93 */
INSERT INTO Joueur(id, idEquipe, Nom, Prenom, Categorie, dateNaissance)
VALUES
(
12, 'AASR', 'CHERIEF', 'SID ALI', 'DÉFENSEUR', '1998-01-16'
);

/* INSERT QUERY NO: 94 */
INSERT INTO Joueur(id, idEquipe, Nom, Prenom, Categorie, dateNaissance)
VALUES
(
13, 'AASR', 'KOUIDRI', 'MOHAMED LAMINE', 'DÉFENSEUR', '1998-01-17'
);

/* INSERT QUERY NO: 95 */
INSERT INTO Joueur(id, idEquipe, Nom, Prenom, Categorie, dateNaissance)
VALUES
(
14, 'AASR', 'KHERBOUCHE', 'SID ALI', 'MILIEU DE TERRAIN', '1998-01-18'
);

/* INSERT QUERY NO: 96 */
INSERT INTO Joueur(id, idEquipe, Nom, Prenom, Categorie, dateNaissance)
VALUES
(
15, 'AASR', 'BOUNAFI', 'ABDERRAOUF', 'MILIEU DE TERRAIN', '1998-01-19'
);

/* INSERT QUERY NO: 97 */
INSERT INTO Joueur(id, idEquipe, Nom, Prenom, Categorie, dateNaissance)
VALUES
(
16, 'AASR', 'BOUCHAIR', 'AMIN', 'MILIEU DE TERRAIN', '1998-01-20'
);

/* INSERT QUERY NO: 98 */
INSERT INTO Joueur(id, idEquipe, Nom, Prenom, Categorie, dateNaissance)
VALUES
(
17, 'AASR', 'IDJER', 'NADIR', 'MILIEU DE TERRAIN', '1998-01-21'
);

/* INSERT QUERY NO: 99 */
INSERT INTO Joueur(id, idEquipe, Nom, Prenom, Categorie, dateNaissance)
VALUES
(
18, 'AASR', 'BESAAD', 'SID AHMED', 'MILIEU DE TERRAIN', '1998-01-22'
);

/* INSERT QUERY NO: 100 */
INSERT INTO Joueur(id, idEquipe, Nom, Prenom, Categorie, dateNaissance)
VALUES
(
19, 'AASR', 'KHOUDER', 'MAHIEDDINE', 'MILIEU DE TERRAIN', '1998-01-23'
);

/* INSERT QUERY NO: 101 */
INSERT INTO Joueur(id, idEquipe, Nom, Prenom, Categorie, dateNaissance)
VALUES
(
20, 'AASR', 'ELMERAHI', 'OTHMANE', 'MILIEU DE TERRAIN', '1998-01-24'
);

/* INSERT QUERY NO: 102 */
INSERT INTO Joueur(id, idEquipe, Nom, Prenom, Categorie, dateNaissance)
VALUES
(
21, 'AASR', 'REZZOUG', 'AKRAM LAMINE', 'MILIEU DE TERRAIN', '1998-01-25'
);

/* INSERT QUERY NO: 103 */
INSERT INTO Joueur(id, idEquipe, Nom, Prenom, Categorie, dateNaissance)
VALUES
(
22, 'AASR', 'AZZIZI', 'OKBA', 'MILIEU DE TERRAIN', '1998-01-26'
);

/* INSERT QUERY NO: 104 */
INSERT INTO Joueur(id, idEquipe, Nom, Prenom, Categorie, dateNaissance)
VALUES
(
23, 'AASR', 'BEDOUD', 'AYOU', 'ATTAQUANT', '1998-01-27'
);

/* INSERT QUERY NO: 105 */
INSERT INTO Joueur(id, idEquipe, Nom, Prenom, Categorie, dateNaissance)
VALUES
(
24, 'AASR', 'OUALLAL', 'IMADEDDINE', 'ATTAQUANT', '1998-01-28'
);

/* INSERT QUERY NO: 106 */
INSERT INTO Joueur(id, idEquipe, Nom, Prenom, Categorie, dateNaissance)
VALUES
(
25, 'AASR', 'DIGUER', 'ALI', 'ATTAQUANT', '1998-01-29'
);

/* INSERT QUERY NO: 107 */
INSERT INTO Joueur(id, idEquipe, Nom, Prenom, Categorie, dateNaissance)
VALUES
(
26, 'AASR', 'ZEMALI', 'CHAKIB', 'ATTAQUANT', '1998-01-30'
);

/* INSERT QUERY NO: 108 */
INSERT INTO Joueur(id, idEquipe, Nom, Prenom, Categorie, dateNaissance)
VALUES
(
27, 'AASR', 'MAARIK', 'OUSSAMA', 'ATTAQUANT', '1998-01-31'
);

/* INSERT QUERY NO: 109 */
INSERT INTO Joueur(id, idEquipe, Nom, Prenom, Categorie, dateNaissance)
VALUES
(
28, 'AASR', 'BEZIG', 'MEROUAN OUSSAMA', 'ATTAQUANT', '1998-02-01'
);

/* INSERT QUERY NO: 110 */
INSERT INTO Joueur(id, idEquipe, Nom, Prenom, Categorie, dateNaissance)
VALUES
(
29, 'AASR', 'BARA', 'SOFYANE', 'ATTAQUANT', '1998-02-02'
);

/* INSERT QUERY NO: 111 */
INSERT INTO Joueur(id, idEquipe, Nom, Prenom, Categorie, dateNaissance)
VALUES
(
30, 'AASR', 'OUAIL', 'OUSSAMA', 'ATTAQUANT', '1998-02-03'
);

/* INSERT QUERY NO: 112 */
INSERT INTO Joueur(id, idEquipe, Nom, Prenom, Categorie, dateNaissance)
VALUES
(
1, 'JSBB', 'DEBIT', 'BILLAL', 'GARDIEN DE BUT', '1998-02-06'
);

/* INSERT QUERY NO: 113 */
INSERT INTO Joueur(id, idEquipe, Nom, Prenom, Categorie, dateNaissance)
VALUES
(
2, 'JSBB', 'NEMIR', 'RAFIK', 'GARDIEN DE BUT', '1998-02-07'
);

/* INSERT QUERY NO: 114 */
INSERT INTO Joueur(id, idEquipe, Nom, Prenom, Categorie, dateNaissance)
VALUES
(
3, 'JSBB', 'GRINE', 'MEHDI ', 'GARDIEN DE BUT', '1998-02-08'
);

/* INSERT QUERY NO: 115 */
INSERT INTO Joueur(id, idEquipe, Nom, Prenom, Categorie, dateNaissance)
VALUES
(
4, 'JSBB', 'CHERIEF', 'ADEL', 'DÉFENSEUR', '1998-02-09'
);

/* INSERT QUERY NO: 116 */
INSERT INTO Joueur(id, idEquipe, Nom, Prenom, Categorie, dateNaissance)
VALUES
(
5, 'JSBB', 'REZMA', 'MOUHAMED', 'DÉFENSEUR', '1998-02-10'
);

/* INSERT QUERY NO: 117 */
INSERT INTO Joueur(id, idEquipe, Nom, Prenom, Categorie, dateNaissance)
VALUES
(
6, 'JSBB', 'TALEB', 'AIMEN ABDALLAH', 'DÉFENSEUR', '1998-02-11'
);

/* INSERT QUERY NO: 118 */
INSERT INTO Joueur(id, idEquipe, Nom, Prenom, Categorie, dateNaissance)
VALUES
(
7, 'JSBB', 'BENABDELKARIM', 'AYOUB', 'DÉFENSEUR', '1998-02-12'
);

/* INSERT QUERY NO: 119 */
INSERT INTO Joueur(id, idEquipe, Nom, Prenom, Categorie, dateNaissance)
VALUES
(
8, 'JSBB', 'KOUDRI', 'LOTFI', 'DÉFENSEUR', '1998-02-13'
);

/* INSERT QUERY NO: 120 */
INSERT INTO Joueur(id, idEquipe, Nom, Prenom, Categorie, dateNaissance)
VALUES
(
9, 'JSBB', 'NEFIDSA', 'MOHAMED', 'DÉFENSEUR', '1998-02-14'
);

/* INSERT QUERY NO: 121 */
INSERT INTO Joueur(id, idEquipe, Nom, Prenom, Categorie, dateNaissance)
VALUES
(
10, 'JSBB', 'KRIZOU', 'KHALED', 'DÉFENSEUR', '1998-02-15'
);

/* INSERT QUERY NO: 122 */
INSERT INTO Joueur(id, idEquipe, Nom, Prenom, Categorie, dateNaissance)
VALUES
(
11, 'JSBB', 'AMRANI', 'AMINE', 'DÉFENSEUR', '1998-02-16'
);

/* INSERT QUERY NO: 123 */
INSERT INTO Joueur(id, idEquipe, Nom, Prenom, Categorie, dateNaissance)
VALUES
(
12, 'JSBB', 'BEGGA', 'AKRAM LAMINE', 'DÉFENSEUR', '1998-02-17'
);

/* INSERT QUERY NO: 124 */
INSERT INTO Joueur(id, idEquipe, Nom, Prenom, Categorie, dateNaissance)
VALUES
(
13, 'JSBB', 'MAHGOUN', 'YOUCEF', 'DÉFENSEUR', '1998-02-18'
);

/* INSERT QUERY NO: 125 */
INSERT INTO Joueur(id, idEquipe, Nom, Prenom, Categorie, dateNaissance)
VALUES
(
14, 'JSBB', 'YAHMI', 'TAREK', 'DÉFENSEUR', '1998-02-19'
);

/* INSERT QUERY NO: 126 */
INSERT INTO Joueur(id, idEquipe, Nom, Prenom, Categorie, dateNaissance)
VALUES
(
15, 'JSBB', 'ZEKHROUF', 'RAYANE', 'MILIEU DE TERRAIN', '1998-02-20'
);

/* INSERT QUERY NO: 127 */
INSERT INTO Joueur(id, idEquipe, Nom, Prenom, Categorie, dateNaissance)
VALUES
(
16, 'JSBB', 'CHARIKHI', 'ADEL', 'MILIEU DE TERRAIN', '1998-02-21'
);

/* INSERT QUERY NO: 128 */
INSERT INTO Joueur(id, idEquipe, Nom, Prenom, Categorie, dateNaissance)
VALUES
(
17, 'JSBB', 'BOUKEZZATA', 'KAMEL', 'MILIEU DE TERRAIN', '1998-02-22'
);

/* INSERT QUERY NO: 129 */
INSERT INTO Joueur(id, idEquipe, Nom, Prenom, Categorie, dateNaissance)
VALUES
(
18, 'JSBB', 'BOURAHLA', 'CHARAF EDDINE', 'MILIEU DE TERRAIN', '1998-02-23'
);

/* INSERT QUERY NO: 130 */
INSERT INTO Joueur(id, idEquipe, Nom, Prenom, Categorie, dateNaissance)
VALUES
(
19, 'JSBB', 'KHALED', 'IMED', 'MILIEU DE TERRAIN', '1998-02-24'
);

/* INSERT QUERY NO: 131 */
INSERT INTO Joueur(id, idEquipe, Nom, Prenom, Categorie, dateNaissance)
VALUES
(
20, 'JSBB', 'KOUIDRI', 'YASSER', 'MILIEU DE TERRAIN', '1998-02-25'
);

/* INSERT QUERY NO: 132 */
INSERT INTO Joueur(id, idEquipe, Nom, Prenom, Categorie, dateNaissance)
VALUES
(
21, 'JSBB', 'GRINE', 'ZINEELABIDINE', 'MILIEU DE TERRAIN', '1998-02-26'
);

/* INSERT QUERY NO: 133 */
INSERT INTO Joueur(id, idEquipe, Nom, Prenom, Categorie, dateNaissance)
VALUES
(
22, 'JSBB', 'CHERIEF', 'ANIS', 'MILIEU DE TERRAIN', '1998-02-27'
);

/* INSERT QUERY NO: 134 */
INSERT INTO Joueur(id, idEquipe, Nom, Prenom, Categorie, dateNaissance)
VALUES
(
23, 'JSBB', 'REZMA', 'SAID', 'MILIEU DE TERRAIN', '1998-02-28'
);

/* INSERT QUERY NO: 135 */
INSERT INTO Joueur(id, idEquipe, Nom, Prenom, Categorie, dateNaissance)
VALUES
(
24, 'JSBB', 'TALEB', 'MOHAMED RIAD', 'MILIEU DE TERRAIN', '1998-03-01'
);

/* INSERT QUERY NO: 136 */
INSERT INTO Joueur(id, idEquipe, Nom, Prenom, Categorie, dateNaissance)
VALUES
(
25, 'JSBB', 'BENABDELKARIM', 'AHMED', 'ATTAQUANT', '1998-03-02'
);

/* INSERT QUERY NO: 137 */
INSERT INTO Joueur(id, idEquipe, Nom, Prenom, Categorie, dateNaissance)
VALUES
(
26, 'JSBB', 'KOUDRI', 'YAZID', 'ATTAQUANT', '1998-03-03'
);

/* INSERT QUERY NO: 138 */
INSERT INTO Joueur(id, idEquipe, Nom, Prenom, Categorie, dateNaissance)
VALUES
(
27, 'JSBB', 'AZZEDINE', 'ANIS', 'ATTAQUANT', '1998-03-04'
);

/* INSERT QUERY NO: 139 */
INSERT INTO Joueur(id, idEquipe, Nom, Prenom, Categorie, dateNaissance)
VALUES
(
28, 'JSBB', 'SAID GUERNI', 'ADLANE', 'ATTAQUANT', '1998-03-05'
);

/* INSERT QUERY NO: 140 */
INSERT INTO Joueur(id, idEquipe, Nom, Prenom, Categorie, dateNaissance)
VALUES
(
29, 'JSBB', 'BEN HADDA', 'ZEINE EL ABDINE', 'ATTAQUANT', '1998-03-06'
);

/* INSERT QUERY NO: 141 */
INSERT INTO Joueur(id, idEquipe, Nom, Prenom, Categorie, dateNaissance)
VALUES
(
30, 'JSBB', 'AYOUB', 'MOHAMED EL AMINE', 'ATTAQUANT', '1998-03-07'
);

/* INSERT QUERY NO: 142 */
INSERT INTO Joueur(id, idEquipe, Nom, Prenom, Categorie, dateNaissance)
VALUES
(
1, 'JSMR', 'AMIROUCHE', 'ABDELLATIF', 'GARDIEN DE BUT', '1998-03-08'
);

/* INSERT QUERY NO: 143 */
INSERT INTO Joueur(id, idEquipe, Nom, Prenom, Categorie, dateNaissance)
VALUES
(
2, 'JSMR', 'DELECI', 'REDOUANE', 'GARDIEN DE BUT', '1998-03-09'
);

/* INSERT QUERY NO: 144 */
INSERT INTO Joueur(id, idEquipe, Nom, Prenom, Categorie, dateNaissance)
VALUES
(
3, 'JSMR', 'CHOUAIBIA', 'AMINE', 'GARDIEN DE BUT', '1998-03-10'
);

/* INSERT QUERY NO: 145 */
INSERT INTO Joueur(id, idEquipe, Nom, Prenom, Categorie, dateNaissance)
VALUES
(
4, 'JSMR', 'MEZIMECHE', 'AHMED', 'DÉFENSEUR', '1998-03-11'
);

/* INSERT QUERY NO: 146 */
INSERT INTO Joueur(id, idEquipe, Nom, Prenom, Categorie, dateNaissance)
VALUES
(
5, 'JSMR', 'MOHAMED', 'DAHMANE RIAD', 'DÉFENSEUR', '1998-03-12'
);

/* INSERT QUERY NO: 147 */
INSERT INTO Joueur(id, idEquipe, Nom, Prenom, Categorie, dateNaissance)
VALUES
(
6, 'JSMR', 'IMSSAOUDENE', 'MADJID', 'DÉFENSEUR', '1998-03-13'
);

/* INSERT QUERY NO: 148 */
INSERT INTO Joueur(id, idEquipe, Nom, Prenom, Categorie, dateNaissance)
VALUES
(
7, 'JSMR', 'ASSABAT', 'HICHEM', 'DÉFENSEUR', '1998-03-14'
);

/* INSERT QUERY NO: 149 */
INSERT INTO Joueur(id, idEquipe, Nom, Prenom, Categorie, dateNaissance)
VALUES
(
8, 'JSMR', 'CHERCHARI', 'NADJIB MOFDI', 'DÉFENSEUR', '1998-03-15'
);

/* INSERT QUERY NO: 150 */
INSERT INTO Joueur(id, idEquipe, Nom, Prenom, Categorie, dateNaissance)
VALUES
(
9, 'JSMR', 'BOUCETTA', 'ALI', 'DÉFENSEUR', '1998-03-16'
);

/* INSERT QUERY NO: 151 */
INSERT INTO Joueur(id, idEquipe, Nom, Prenom, Categorie, dateNaissance)
VALUES
(
10, 'JSMR', 'BOULEKROUNE', 'ISLEM', 'DÉFENSEUR', '1998-03-17'
);

/* INSERT QUERY NO: 152 */
INSERT INTO Joueur(id, idEquipe, Nom, Prenom, Categorie, dateNaissance)
VALUES
(
11, 'JSMR', 'SEMCHAOUI', 'ADLANE', 'DÉFENSEUR', '1998-03-18'
);

/* INSERT QUERY NO: 153 */
INSERT INTO Joueur(id, idEquipe, Nom, Prenom, Categorie, dateNaissance)
VALUES
(
12, 'JSMR', 'BELHADI ', 'ISSAM', 'DÉFENSEUR', '1998-03-19'
);

/* INSERT QUERY NO: 154 */
INSERT INTO Joueur(id, idEquipe, Nom, Prenom, Categorie, dateNaissance)
VALUES
(
13, 'JSMR', 'MERIMI', 'RABAH', 'MILIEU DE TERRAIN', '1998-03-20'
);

/* INSERT QUERY NO: 155 */
INSERT INTO Joueur(id, idEquipe, Nom, Prenom, Categorie, dateNaissance)
VALUES
(
14, 'JSMR', 'HASSINI', 'YOUCEF', 'MILIEU DE TERRAIN', '1998-03-21'
);

/* INSERT QUERY NO: 156 */
INSERT INTO Joueur(id, idEquipe, Nom, Prenom, Categorie, dateNaissance)
VALUES
(
15, 'JSMR', 'DIGUER', 'BILLEL', 'MILIEU DE TERRAIN', '1998-03-22'
);

/* INSERT QUERY NO: 157 */
INSERT INTO Joueur(id, idEquipe, Nom, Prenom, Categorie, dateNaissance)
VALUES
(
16, 'JSMR', 'MORAKAB', 'BOUDJEMAA', 'MILIEU DE TERRAIN', '1998-03-23'
);

/* INSERT QUERY NO: 158 */
INSERT INTO Joueur(id, idEquipe, Nom, Prenom, Categorie, dateNaissance)
VALUES
(
17, 'JSMR', 'OUBICHE', 'AYACHE REDA', 'MILIEU DE TERRAIN', '1998-03-24'
);

/* INSERT QUERY NO: 159 */
INSERT INTO Joueur(id, idEquipe, Nom, Prenom, Categorie, dateNaissance)
VALUES
(
18, 'JSMR', 'BERKOUK', 'MOHAMED AMINE', 'ATTAQUANT', '1998-03-25'
);

/* INSERT QUERY NO: 160 */
INSERT INTO Joueur(id, idEquipe, Nom, Prenom, Categorie, dateNaissance)
VALUES
(
19, 'JSMR', 'BENMOHAMED', 'ABDERRAHIM', 'ATTAQUANT', '1998-03-26'
);

/* INSERT QUERY NO: 161 */
INSERT INTO Joueur(id, idEquipe, Nom, Prenom, Categorie, dateNaissance)
VALUES
(
20, 'JSMR', 'HAFIANE', 'BILEL', 'ATTAQUANT', '1998-03-27'
);

/* INSERT QUERY NO: 162 */
INSERT INTO Joueur(id, idEquipe, Nom, Prenom, Categorie, dateNaissance)
VALUES
(
21, 'JSMR', 'BENAYACHE', 'MOHAMED LAMINE', 'ATTAQUANT', '1998-03-28'
);

/* INSERT QUERY NO: 163 */
INSERT INTO Joueur(id, idEquipe, Nom, Prenom, Categorie, dateNaissance)
VALUES
(
22, 'JSMR', 'KEDDAM', 'IMADEDDINE', 'ATTAQUANT', '1998-03-29'
);

/* INSERT QUERY NO: 164 */
INSERT INTO Joueur(id, idEquipe, Nom, Prenom, Categorie, dateNaissance)
VALUES
(
23, 'JSMR', 'KAHLOCHE', 'ABDELHAMID', 'ATTAQUANT', '1998-03-30'
);

/* INSERT QUERY NO: 165 */
INSERT INTO Joueur(id, idEquipe, Nom, Prenom, Categorie, dateNaissance)
VALUES
(
24, 'JSMR', 'HAMZA', 'MOHAMED WASSIM', 'ATTAQUANT', '1998-03-31'
);

/* INSERT QUERY NO: 166 */
INSERT INTO Joueur(id, idEquipe, Nom, Prenom, Categorie, dateNaissance)
VALUES
(
25, 'JSMR', 'BELABED', 'OUIAL', 'ATTAQUANT', '1998-04-01'
);

/* INSERT QUERY NO: 167 */
INSERT INTO Joueur(id, idEquipe, Nom, Prenom, Categorie, dateNaissance)
VALUES
(
26, 'JSMR', 'OUHADDA', 'BRAHIM', 'ATTAQUANT', '1998-04-02'
);

/* INSERT QUERY NO: 168 */
INSERT INTO Joueur(id, idEquipe, Nom, Prenom, Categorie, dateNaissance)
VALUES
(
1, 'CRBH', 'AHMED', 'BERROUSSI ', 'GARDIEN DE BUT', '1998-04-03'
);

/* INSERT QUERY NO: 169 */
INSERT INTO Joueur(id, idEquipe, Nom, Prenom, Categorie, dateNaissance)
VALUES
(
2, 'CRBH', 'IMAD', 'ATTIG ', 'GARDIEN DE BUT', '1998-04-04'
);

/* INSERT QUERY NO: 170 */
INSERT INTO Joueur(id, idEquipe, Nom, Prenom, Categorie, dateNaissance)
VALUES
(
3, 'CRBH', 'CHARAF EDDINE', 'TAGOUNAMANE', 'GARDIEN DE BUT', '1998-04-05'
);

/* INSERT QUERY NO: 171 */
INSERT INTO Joueur(id, idEquipe, Nom, Prenom, Categorie, dateNaissance)
VALUES
(
4, 'CRBH', 'ISMAIL', 'BAHMED ', 'DÉFENSEUR', '1998-04-06'
);

/* INSERT QUERY NO: 172 */
INSERT INTO Joueur(id, idEquipe, Nom, Prenom, Categorie, dateNaissance)
VALUES
(
5, 'CRBH', 'ISLAM', 'BEHAR', 'DÉFENSEUR', '1998-04-07'
);

/* INSERT QUERY NO: 173 */
INSERT INTO Joueur(id, idEquipe, Nom, Prenom, Categorie, dateNaissance)
VALUES
(
6, 'CRBH', 'ABDELMOUMEN', 'BENDECHACHE', 'DÉFENSEUR', '1998-04-08'
);

/* INSERT QUERY NO: 174 */
INSERT INTO Joueur(id, idEquipe, Nom, Prenom, Categorie, dateNaissance)
VALUES
(
7, 'CRBH', 'KARIM', 'AROUS', 'DÉFENSEUR', '1998-04-09'
);

/* INSERT QUERY NO: 175 */
INSERT INTO Joueur(id, idEquipe, Nom, Prenom, Categorie, dateNaissance)
VALUES
(
8, 'CRBH', 'DJAMAL EDDINE', 'BOUAFIA ', 'DÉFENSEUR', '1998-04-10'
);

/* INSERT QUERY NO: 176 */
INSERT INTO Joueur(id, idEquipe, Nom, Prenom, Categorie, dateNaissance)
VALUES
(
9, 'CRBH', 'YACINE', 'FEZZA ', 'DÉFENSEUR', '1998-04-11'
);

/* INSERT QUERY NO: 177 */
INSERT INTO Joueur(id, idEquipe, Nom, Prenom, Categorie, dateNaissance)
VALUES
(
10, 'CRBH', 'SID ALI', 'DJEMMAH ', 'DÉFENSEUR', '1998-04-12'
);

/* INSERT QUERY NO: 178 */
INSERT INTO Joueur(id, idEquipe, Nom, Prenom, Categorie, dateNaissance)
VALUES
(
11, 'CRBH', 'MOHAMED LAMINE', 'BOUCHENEB ', 'DÉFENSEUR', '1998-04-13'
);

/* INSERT QUERY NO: 179 */
INSERT INTO Joueur(id, idEquipe, Nom, Prenom, Categorie, dateNaissance)
VALUES
(
12, 'CRBH', 'SID ALI', 'SLIMANI ', 'DÉFENSEUR', '1998-04-14'
);

/* INSERT QUERY NO: 180 */
INSERT INTO Joueur(id, idEquipe, Nom, Prenom, Categorie, dateNaissance)
VALUES
(
13, 'CRBH', 'ABDERRAOUF', 'OULD TALEB', 'MILIEU DE TERRAIN', '1998-04-15'
);

/* INSERT QUERY NO: 181 */
INSERT INTO Joueur(id, idEquipe, Nom, Prenom, Categorie, dateNaissance)
VALUES
(
14, 'CRBH', 'AMIN', 'KHANFRI ', 'MILIEU DE TERRAIN', '1998-04-16'
);

/* INSERT QUERY NO: 182 */
INSERT INTO Joueur(id, idEquipe, Nom, Prenom, Categorie, dateNaissance)
VALUES
(
15, 'CRBH', 'NADIR', 'AMRAOUI ', 'MILIEU DE TERRAIN', '1998-04-17'
);

/* INSERT QUERY NO: 183 */
INSERT INTO Joueur(id, idEquipe, Nom, Prenom, Categorie, dateNaissance)
VALUES
(
16, 'CRBH', 'SID AHMED', 'IRID ', 'MILIEU DE TERRAIN', '1998-04-18'
);

/* INSERT QUERY NO: 184 */
INSERT INTO Joueur(id, idEquipe, Nom, Prenom, Categorie, dateNaissance)
VALUES
(
17, 'CRBH', 'OULAK', 'KHERABI ', 'MILIEU DE TERRAIN', '1998-04-19'
);

/* INSERT QUERY NO: 185 */
INSERT INTO Joueur(id, idEquipe, Nom, Prenom, Categorie, dateNaissance)
VALUES
(
18, 'CRBH', 'SI AMER', 'AMIR ', 'ATTAQUANT', '1998-04-20'
);

/* INSERT QUERY NO: 186 */
INSERT INTO Joueur(id, idEquipe, Nom, Prenom, Categorie, dateNaissance)
VALUES
(
19, 'CRBH', 'AISSI ', 'TELLACHE ', 'ATTAQUANT', '1998-04-21'
);

/* INSERT QUERY NO: 187 */
INSERT INTO Joueur(id, idEquipe, Nom, Prenom, Categorie, dateNaissance)
VALUES
(
20, 'CRBH', 'BOUKOURA ', 'BEDJAOUI ', 'ATTAQUANT', '1998-04-22'
);

/* INSERT QUERY NO: 188 */
INSERT INTO Joueur(id, idEquipe, Nom, Prenom, Categorie, dateNaissance)
VALUES
(
21, 'CRBH', 'DEFFAF ', 'HORRI', 'ATTAQUANT', '1998-04-23'
);

/* INSERT QUERY NO: 189 */
INSERT INTO Joueur(id, idEquipe, Nom, Prenom, Categorie, dateNaissance)
VALUES
(
22, 'CRBH', 'ZAIOU ', 'BENTABBOUCHE ', 'ATTAQUANT', '1998-04-24'
);

/* INSERT QUERY NO: 190 */
INSERT INTO Joueur(id, idEquipe, Nom, Prenom, Categorie, dateNaissance)
VALUES
(
23, 'CRBH', 'DRAOUI ', 'BEDAOUI ', 'ATTAQUANT', '1998-04-25'
);

/* INSERT QUERY NO: 191 */
INSERT INTO Joueur(id, idEquipe, Nom, Prenom, Categorie, dateNaissance)
VALUES
(
24, 'CRBH', 'BENCHERNIN ', 'ALIANI ', 'ATTAQUANT', '1998-04-26'
);

/* INSERT QUERY NO: 192 */
INSERT INTO Joueur(id, idEquipe, Nom, Prenom, Categorie, dateNaissance)
VALUES
(
1, 'CRH', 'BENDADA ', 'KANOUN', 'GARDIEN DE BUT', '1998-04-27'
);

/* INSERT QUERY NO: 193 */
INSERT INTO Joueur(id, idEquipe, Nom, Prenom, Categorie, dateNaissance)
VALUES
(
2, 'CRH', 'RAHIM ', 'NACER-BEY', 'GARDIEN DE BUT', '1998-04-28'
);

/* INSERT QUERY NO: 194 */
INSERT INTO Joueur(id, idEquipe, Nom, Prenom, Categorie, dateNaissance)
VALUES
(
3, 'CRH', 'KHERABI ', 'KESRAOUI ', 'GARDIEN DE BUT', '1998-04-29'
);

/* INSERT QUERY NO: 195 */
INSERT INTO Joueur(id, idEquipe, Nom, Prenom, Categorie, dateNaissance)
VALUES
(
4, 'CRH', 'BEN SADOUNI', 'RAHLI ', 'DÉFENSEUR', '1998-04-30'
);

/* INSERT QUERY NO: 196 */
INSERT INTO Joueur(id, idEquipe, Nom, Prenom, Categorie, dateNaissance)
VALUES
(
5, 'CRH', 'ABDELLAOUI ', 'AMAOUCHE', 'DÉFENSEUR', '1998-05-01'
);

/* INSERT QUERY NO: 197 */
INSERT INTO Joueur(id, idEquipe, Nom, Prenom, Categorie, dateNaissance)
VALUES
(
6, 'CRH', 'DJABALI ', 'MAHSAS', 'DÉFENSEUR', '1998-05-02'
);

/* INSERT QUERY NO: 198 */
INSERT INTO Joueur(id, idEquipe, Nom, Prenom, Categorie, dateNaissance)
VALUES
(
7, 'CRH', 'KHENIFI ', 'BENTABET', 'DÉFENSEUR', '1998-05-03'
);

/* INSERT QUERY NO: 199 */
INSERT INTO Joueur(id, idEquipe, Nom, Prenom, Categorie, dateNaissance)
VALUES
(
8, 'CRH', 'MOSTEFAOUI ', 'CHAOUCHE', 'DÉFENSEUR', '1998-05-04'
);

/* INSERT QUERY NO: 200 */
INSERT INTO Joueur(id, idEquipe, Nom, Prenom, Categorie, dateNaissance)
VALUES
(
9, 'CRH', 'BELKACEMI ', 'BOUDJIRA', 'DÉFENSEUR', '1998-05-05'
);

/* INSERT QUERY NO: 201 */
INSERT INTO Joueur(id, idEquipe, Nom, Prenom, Categorie, dateNaissance)
VALUES
(
10, 'CRH', 'RIACHE ', 'NESSAR ', 'DÉFENSEUR', '1998-05-06'
);

/* INSERT QUERY NO: 202 */
INSERT INTO Joueur(id, idEquipe, Nom, Prenom, Categorie, dateNaissance)
VALUES
(
11, 'CRH', 'ELZAANINE ', 'BENCHERNINE ', 'DÉFENSEUR', '1998-05-07'
);

/* INSERT QUERY NO: 203 */
INSERT INTO Joueur(id, idEquipe, Nom, Prenom, Categorie, dateNaissance)
VALUES
(
12, 'CRH', 'SAHRAOUI ', 'HAMMAMI ', 'DÉFENSEUR', '1998-05-08'
);

/* INSERT QUERY NO: 204 */
INSERT INTO Joueur(id, idEquipe, Nom, Prenom, Categorie, dateNaissance)
VALUES
(
13, 'CRH', 'GAAGA ', 'ZEBICHE', 'MILIEU DE TERRAIN', '1998-05-09'
);

/* INSERT QUERY NO: 205 */
INSERT INTO Joueur(id, idEquipe, Nom, Prenom, Categorie, dateNaissance)
VALUES
(
14, 'CRH', 'SEBA ', 'BOUKHAMLA', 'MILIEU DE TERRAIN', '1998-05-10'
);

/* INSERT QUERY NO: 206 */
INSERT INTO Joueur(id, idEquipe, Nom, Prenom, Categorie, dateNaissance)
VALUES
(
15, 'CRH', 'BELACEL ', 'AKAK', 'MILIEU DE TERRAIN', '1998-05-11'
);

/* INSERT QUERY NO: 207 */
INSERT INTO Joueur(id, idEquipe, Nom, Prenom, Categorie, dateNaissance)
VALUES
(
16, 'CRH', 'BOUMERFEG ', 'NAILI', 'MILIEU DE TERRAIN', '1998-05-12'
);

/* INSERT QUERY NO: 208 */
INSERT INTO Joueur(id, idEquipe, Nom, Prenom, Categorie, dateNaissance)
VALUES
(
17, 'CRH', 'HANSAL ', 'DJELALIA', 'MILIEU DE TERRAIN', '1998-05-13'
);

/* INSERT QUERY NO: 209 */
INSERT INTO Joueur(id, idEquipe, Nom, Prenom, Categorie, dateNaissance)
VALUES
(
18, 'CRH', 'BOURAS ', 'ELGUENDOUZ', 'ATTAQUANT', '1998-05-14'
);

/* INSERT QUERY NO: 210 */
INSERT INTO Joueur(id, idEquipe, Nom, Prenom, Categorie, dateNaissance)
VALUES
(
19, 'CRH', 'SIDIRA ', 'DJILFRANC', 'ATTAQUANT', '1998-05-15'
);

/* INSERT QUERY NO: 211 */
INSERT INTO Joueur(id, idEquipe, Nom, Prenom, Categorie, dateNaissance)
VALUES
(
20, 'CRH', 'BENBOUTELDJA ', 'DJILFRANK', 'ATTAQUANT', '1998-05-16'
);

/* INSERT QUERY NO: 212 */
INSERT INTO Joueur(id, idEquipe, Nom, Prenom, Categorie, dateNaissance)
VALUES
(
21, 'CRH', 'ALBANE ', 'AISSANI', 'ATTAQUANT', '1998-05-17'
);

/* INSERT QUERY NO: 213 */
INSERT INTO Joueur(id, idEquipe, Nom, Prenom, Categorie, dateNaissance)
VALUES
(
22, 'CRH', 'BENMORSLI ', 'DIBOUNE', 'ATTAQUANT', '1998-05-18'
);

/* INSERT QUERY NO: 214 */
INSERT INTO Joueur(id, idEquipe, Nom, Prenom, Categorie, dateNaissance)
VALUES
(
23, 'CRH', 'HAOULAY ', 'MOKHTARI', 'ATTAQUANT', '1998-05-19'
);

/* INSERT QUERY NO: 215 */
INSERT INTO Joueur(id, idEquipe, Nom, Prenom, Categorie, dateNaissance)
VALUES
(
24, 'CRH', 'AIT-SEDDIK', 'TEMZI', 'ATTAQUANT', '1998-05-20'
);

/* INSERT QUERY NO: 216 */
INSERT INTO Joueur(id, idEquipe, Nom, Prenom, Categorie, dateNaissance)
VALUES
(
25, 'CRH', 'LAZEGHED ', 'ZAIOU', 'ATTAQUANT', '1998-05-21'
);

/* INSERT QUERY NO: 217 */
INSERT INTO Joueur(id, idEquipe, Nom, Prenom, Categorie, dateNaissance)
VALUES
(
26, 'CRH', 'CHERIF', 'BOUGHERRA', 'ATTAQUANT', '1998-05-22'
);

/* INSERT QUERY NO: 218 */
INSERT INTO Joueur(id, idEquipe, Nom, Prenom, Categorie, dateNaissance)
VALUES
(
1, 'CMBK', 'NEBBOU ', 'TOUMI', 'GARDIEN DE BUT', '1998-05-23'
);

/* INSERT QUERY NO: 219 */
INSERT INTO Joueur(id, idEquipe, Nom, Prenom, Categorie, dateNaissance)
VALUES
(
2, 'CMBK', 'ALIOUA ', 'BOUSSALEM', 'GARDIEN DE BUT', '1998-05-24'
);

/* INSERT QUERY NO: 220 */
INSERT INTO Joueur(id, idEquipe, Nom, Prenom, Categorie, dateNaissance)
VALUES
(
3, 'CMBK', 'DJEBROUNI ', 'BELMOKHTAR', 'GARDIEN DE BUT', '1998-05-25'
);

/* INSERT QUERY NO: 221 */
INSERT INTO Joueur(id, idEquipe, Nom, Prenom, Categorie, dateNaissance)
VALUES
(
4, 'CMBK', 'BENKERROUCHE ', 'BAIR', 'DÉFENSEUR', '1998-05-26'
);

/* INSERT QUERY NO: 222 */
INSERT INTO Joueur(id, idEquipe, Nom, Prenom, Categorie, dateNaissance)
VALUES
(
5, 'CMBK', 'MANSEUR ', 'DJERIDI', 'DÉFENSEUR', '1998-05-27'
);

/* INSERT QUERY NO: 223 */
INSERT INTO Joueur(id, idEquipe, Nom, Prenom, Categorie, dateNaissance)
VALUES
(
6, 'CMBK', 'SAHRAOUI ', 'SEDOUR', 'DÉFENSEUR', '1998-05-28'
);

/* INSERT QUERY NO: 224 */
INSERT INTO Joueur(id, idEquipe, Nom, Prenom, Categorie, dateNaissance)
VALUES
(
7, 'CMBK', 'CHERGUI', 'BOUCIOUF', 'DÉFENSEUR', '1998-05-29'
);

/* INSERT QUERY NO: 225 */
INSERT INTO Joueur(id, idEquipe, Nom, Prenom, Categorie, dateNaissance)
VALUES
(
8, 'CMBK', 'CHEBTA ', 'AGRANE', 'DÉFENSEUR', '1998-05-30'
);

/* INSERT QUERY NO: 226 */
INSERT INTO Joueur(id, idEquipe, Nom, Prenom, Categorie, dateNaissance)
VALUES
(
9, 'CMBK', 'OUAAD ', 'HADJ MOUSSA', 'DÉFENSEUR', '1998-05-31'
);

/* INSERT QUERY NO: 227 */
INSERT INTO Joueur(id, idEquipe, Nom, Prenom, Categorie, dateNaissance)
VALUES
(
10, 'CMBK', 'ALI ', 'HAIDER', 'DÉFENSEUR', '1998-06-01'
);

/* INSERT QUERY NO: 228 */
INSERT INTO Joueur(id, idEquipe, Nom, Prenom, Categorie, dateNaissance)
VALUES
(
11, 'CMBK', 'RAI ', 'KORICHI', 'DÉFENSEUR', '1998-06-02'
);

/* INSERT QUERY NO: 229 */
INSERT INTO Joueur(id, idEquipe, Nom, Prenom, Categorie, dateNaissance)
VALUES
(
12, 'CMBK', 'MEDJADBA ', 'DASSI', 'DÉFENSEUR', '1998-06-03'
);

/* INSERT QUERY NO: 230 */
INSERT INTO Joueur(id, idEquipe, Nom, Prenom, Categorie, dateNaissance)
VALUES
(
13, 'CMBK', 'MALKI ', 'KECILI', 'MILIEU DE TERRAIN', '1998-06-04'
);

/* INSERT QUERY NO: 231 */
INSERT INTO Joueur(id, idEquipe, Nom, Prenom, Categorie, dateNaissance)
VALUES
(
14, 'CMBK', 'ADEL', 'SAIDOUNE', 'MILIEU DE TERRAIN', '1998-06-05'
);

/* INSERT QUERY NO: 232 */
INSERT INTO Joueur(id, idEquipe, Nom, Prenom, Categorie, dateNaissance)
VALUES
(
15, 'CMBK', 'ABDERAZAK ', 'GUERNOUG', 'MILIEU DE TERRAIN', '1998-06-06'
);

/* INSERT QUERY NO: 233 */
INSERT INTO Joueur(id, idEquipe, Nom, Prenom, Categorie, dateNaissance)
VALUES
(
16, 'CMBK', 'SOFIANE ', 'SAOUDIA', 'MILIEU DE TERRAIN', '1998-06-07'
);

/* INSERT QUERY NO: 234 */
INSERT INTO Joueur(id, idEquipe, Nom, Prenom, Categorie, dateNaissance)
VALUES
(
17, 'CMBK', 'MAHMOUD ', 'AZZEDINE', 'MILIEU DE TERRAIN', '1998-06-08'
);

/* INSERT QUERY NO: 235 */
INSERT INTO Joueur(id, idEquipe, Nom, Prenom, Categorie, dateNaissance)
VALUES
(
18, 'CMBK', 'ABDELHAMID', 'SAID GUERNI', 'ATTAQUANT', '1998-06-09'
);

/* INSERT QUERY NO: 236 */
INSERT INTO Joueur(id, idEquipe, Nom, Prenom, Categorie, dateNaissance)
VALUES
(
19, 'CMBK', 'FAYCEL', 'BEN HADDA', 'ATTAQUANT', '1998-06-10'
);

/* INSERT QUERY NO: 237 */
INSERT INTO Joueur(id, idEquipe, Nom, Prenom, Categorie, dateNaissance)
VALUES
(
20, 'CMBK', 'KHALED', 'KADDOUR CHERIF', 'ATTAQUANT', '1998-06-11'
);

/* INSERT QUERY NO: 238 */
INSERT INTO Joueur(id, idEquipe, Nom, Prenom, Categorie, dateNaissance)
VALUES
(
21, 'CMBK', 'HOCINE', 'ABDELAOUI', 'ATTAQUANT', '1998-06-12'
);

/* INSERT QUERY NO: 239 */
INSERT INTO Joueur(id, idEquipe, Nom, Prenom, Categorie, dateNaissance)
VALUES
(
22, 'CMBK', 'AZZIZ', 'CHERIEF', 'ATTAQUANT', '1998-06-13'
);

/* INSERT QUERY NO: 240 */
INSERT INTO Joueur(id, idEquipe, Nom, Prenom, Categorie, dateNaissance)
VALUES
(
23, 'CMBK', 'YOUCEF', 'KOUIDRI', 'ATTAQUANT', '1998-06-14'
);

/* INSERT QUERY NO: 241 */
INSERT INTO Joueur(id, idEquipe, Nom, Prenom, Categorie, dateNaissance)
VALUES
(
24, 'CMBK', 'FARES', 'KHERBOUCHE', 'ATTAQUANT', '1998-06-15'
);

/* INSERT QUERY NO: 242 */
INSERT INTO Joueur(id, idEquipe, Nom, Prenom, Categorie, dateNaissance)
VALUES
(
25, 'CMBK', 'LAID', 'BOUNAFI', 'ATTAQUANT', '1998-06-16'
);

/* INSERT QUERY NO: 243 */
INSERT INTO Joueur(id, idEquipe, Nom, Prenom, Categorie, dateNaissance)
VALUES
(
26, 'CMBK', 'AZZEDDINE', 'BOUCHAIR', 'ATTAQUANT', '1998-06-17'
);

/* INSERT QUERY NO: 244 */
INSERT INTO Joueur(id, idEquipe, Nom, Prenom, Categorie, dateNaissance)
VALUES
(
1, 'WRDBK', 'BADREDINE', 'IDJER', 'GARDIEN DE BUT', '1998-06-18'
);

/* INSERT QUERY NO: 245 */
INSERT INTO Joueur(id, idEquipe, Nom, Prenom, Categorie, dateNaissance)
VALUES
(
2, 'WRDBK', 'SID ALI', 'BESAAD', 'GARDIEN DE BUT', '1998-06-19'
);

/* INSERT QUERY NO: 246 */
INSERT INTO Joueur(id, idEquipe, Nom, Prenom, Categorie, dateNaissance)
VALUES
(
3, 'WRDBK', 'HAMZA', 'KHOUDER', 'GARDIEN DE BUT', '1998-06-20'
);

/* INSERT QUERY NO: 247 */
INSERT INTO Joueur(id, idEquipe, Nom, Prenom, Categorie, dateNaissance)
VALUES
(
4, 'WRDBK', 'MOHAMED RIAD', 'ELMERAHI', 'DÉFENSEUR', '1998-06-21'
);

/* INSERT QUERY NO: 248 */
INSERT INTO Joueur(id, idEquipe, Nom, Prenom, Categorie, dateNaissance)
VALUES
(
5, 'WRDBK', 'IHSSAN', 'REZZOUG', 'DÉFENSEUR', '1998-06-22'
);

/* INSERT QUERY NO: 249 */
INSERT INTO Joueur(id, idEquipe, Nom, Prenom, Categorie, dateNaissance)
VALUES
(
6, 'WRDBK', 'SALAM', 'AZZIZI', 'DÉFENSEUR', '1998-06-23'
);

/* INSERT QUERY NO: 250 */
INSERT INTO Joueur(id, idEquipe, Nom, Prenom, Categorie, dateNaissance)
VALUES
(
7, 'WRDBK', 'YOUCEF', 'BEDOUD', 'DÉFENSEUR', '1998-06-24'
);

/* INSERT QUERY NO: 251 */
INSERT INTO Joueur(id, idEquipe, Nom, Prenom, Categorie, dateNaissance)
VALUES
(
8, 'WRDBK', 'FOUDIL', 'OUALLAL', 'DÉFENSEUR', '1998-06-25'
);

/* INSERT QUERY NO: 252 */
INSERT INTO Joueur(id, idEquipe, Nom, Prenom, Categorie, dateNaissance)
VALUES
(
9, 'WRDBK', 'REDA', 'DIGUER', 'DÉFENSEUR', '1998-06-26'
);

/* INSERT QUERY NO: 253 */
INSERT INTO Joueur(id, idEquipe, Nom, Prenom, Categorie, dateNaissance)
VALUES
(
10, 'WRDBK', 'MOHAMED AMINE', 'ZEMALI', 'DÉFENSEUR', '1998-06-27'
);

/* INSERT QUERY NO: 254 */
INSERT INTO Joueur(id, idEquipe, Nom, Prenom, Categorie, dateNaissance)
VALUES
(
11, 'WRDBK', 'NABIL', 'MAARIK', 'DÉFENSEUR', '1998-06-28'
);

/* INSERT QUERY NO: 255 */
INSERT INTO Joueur(id, idEquipe, Nom, Prenom, Categorie, dateNaissance)
VALUES
(
12, 'WRDBK', 'KAMEL', 'OULAK', 'DÉFENSEUR', '1998-06-29'
);

/* INSERT QUERY NO: 256 */
INSERT INTO Joueur(id, idEquipe, Nom, Prenom, Categorie, dateNaissance)
VALUES
(
13, 'WRDBK', 'RAMDANE', 'SI AMER', 'MILIEU DE TERRAIN', '1998-06-30'
);

/* INSERT QUERY NO: 257 */
INSERT INTO Joueur(id, idEquipe, Nom, Prenom, Categorie, dateNaissance)
VALUES
(
14, 'WRDBK', 'SOFIANE', 'AISSI ', 'MILIEU DE TERRAIN', '1998-07-01'
);

/* INSERT QUERY NO: 258 */
INSERT INTO Joueur(id, idEquipe, Nom, Prenom, Categorie, dateNaissance)
VALUES
(
15, 'WRDBK', 'SADEK', 'BOUKOURA ', 'MILIEU DE TERRAIN', '1998-07-02'
);

/* INSERT QUERY NO: 259 */
INSERT INTO Joueur(id, idEquipe, Nom, Prenom, Categorie, dateNaissance)
VALUES
(
16, 'WRDBK', 'NOURREDDINE', 'DEFFAF ', 'MILIEU DE TERRAIN', '1998-07-03'
);

/* INSERT QUERY NO: 260 */
INSERT INTO Joueur(id, idEquipe, Nom, Prenom, Categorie, dateNaissance)
VALUES
(
17, 'WRDBK', 'MOHAMED', 'ZAIOU ', 'MILIEU DE TERRAIN', '1998-07-04'
);

/* INSERT QUERY NO: 261 */
INSERT INTO Joueur(id, idEquipe, Nom, Prenom, Categorie, dateNaissance)
VALUES
(
18, 'WRDBK', 'KAMEL', 'DRAOUI ', 'ATTAQUANT', '1998-07-05'
);

/* INSERT QUERY NO: 262 */
INSERT INTO Joueur(id, idEquipe, Nom, Prenom, Categorie, dateNaissance)
VALUES
(
19, 'WRDBK', 'TAHAR', 'BENCHERNIN ', 'ATTAQUANT', '1998-07-06'
);

/* INSERT QUERY NO: 263 */
INSERT INTO Joueur(id, idEquipe, Nom, Prenom, Categorie, dateNaissance)
VALUES
(
20, 'WRDBK', 'FATEH', 'BENDADA ', 'ATTAQUANT', '1998-07-07'
);

/* INSERT QUERY NO: 264 */
INSERT INTO Joueur(id, idEquipe, Nom, Prenom, Categorie, dateNaissance)
VALUES
(
21, 'WRDBK', 'ABDESLAM MOHAND', 'RAHIM ', 'ATTAQUANT', '1998-07-08'
);

/* INSERT QUERY NO: 265 */
INSERT INTO Joueur(id, idEquipe, Nom, Prenom, Categorie, dateNaissance)
VALUES
(
22, 'WRDBK', 'BILLEL', 'KHERABI ', 'ATTAQUANT', '1998-07-09'
);

/* INSERT QUERY NO: 266 */
INSERT INTO Joueur(id, idEquipe, Nom, Prenom, Categorie, dateNaissance)
VALUES
(
23, 'WRDBK', 'RÈDA', 'BEN SADOUNI', 'ATTAQUANT', '1998-07-10'
);

/* INSERT QUERY NO: 267 */
INSERT INTO Joueur(id, idEquipe, Nom, Prenom, Categorie, dateNaissance)
VALUES
(
24, 'WRDBK', 'MOHAMED', 'ABDELLAOUI ', 'ATTAQUANT', '1998-07-11'
);

/* INSERT QUERY NO: 268 */
INSERT INTO Joueur(id, idEquipe, Nom, Prenom, Categorie, dateNaissance)
VALUES
(
25, 'WRDBK', 'MOHAMMED', 'DJABALI ', 'ATTAQUANT', '1998-07-12'
);

/* INSERT QUERY NO: 269 */
INSERT INTO Joueur(id, idEquipe, Nom, Prenom, Categorie, dateNaissance)
VALUES
(
26, 'WRDBK', 'HAMID', 'KHENIFI ', 'ATTAQUANT', '1998-07-13'
);

/* INSERT QUERY NO: 270 */
INSERT INTO Joueur(id, idEquipe, Nom, Prenom, Categorie, dateNaissance)
VALUES
(
1, 'IRBAT', 'MOHAMED HOCINE', 'MOSTEFAOUI ', 'GARDIEN DE BUT', '1998-07-14'
);

/* INSERT QUERY NO: 271 */
INSERT INTO Joueur(id, idEquipe, Nom, Prenom, Categorie, dateNaissance)
VALUES
(
2, 'IRBAT', 'ABDELHAK', 'BELKACEMI ', 'GARDIEN DE BUT', '1998-07-15'
);

/* INSERT QUERY NO: 272 */
INSERT INTO Joueur(id, idEquipe, Nom, Prenom, Categorie, dateNaissance)
VALUES
(
3, 'IRBAT', 'AMMAR', 'RIACHE ', 'GARDIEN DE BUT', '1998-07-16'
);

/* INSERT QUERY NO: 273 */
INSERT INTO Joueur(id, idEquipe, Nom, Prenom, Categorie, dateNaissance)
VALUES
(
4, 'IRBAT', 'ALI', 'ELZAANINE ', 'DÉFENSEUR', '1998-07-17'
);

/* INSERT QUERY NO: 274 */
INSERT INTO Joueur(id, idEquipe, Nom, Prenom, Categorie, dateNaissance)
VALUES
(
5, 'IRBAT', 'NASSIM', 'SAHRAOUI ', 'DÉFENSEUR', '1998-07-18'
);

/* INSERT QUERY NO: 275 */
INSERT INTO Joueur(id, idEquipe, Nom, Prenom, Categorie, dateNaissance)
VALUES
(
6, 'IRBAT', 'BELKACEM', 'GAAGA ', 'DÉFENSEUR', '1998-07-19'
);

/* INSERT QUERY NO: 276 */
INSERT INTO Joueur(id, idEquipe, Nom, Prenom, Categorie, dateNaissance)
VALUES
(
7, 'IRBAT', 'SALAH', 'SEBA ', 'DÉFENSEUR', '1998-07-20'
);

/* INSERT QUERY NO: 277 */
INSERT INTO Joueur(id, idEquipe, Nom, Prenom, Categorie, dateNaissance)
VALUES
(
8, 'IRBAT', 'HOCINE', 'BELACEL ', 'DÉFENSEUR', '1998-07-21'
);

/* INSERT QUERY NO: 278 */
INSERT INTO Joueur(id, idEquipe, Nom, Prenom, Categorie, dateNaissance)
VALUES
(
9, 'IRBAT', 'TOUBAL FATEH', 'BOUMERFEG ', 'DÉFENSEUR', '1998-07-22'
);

/* INSERT QUERY NO: 279 */
INSERT INTO Joueur(id, idEquipe, Nom, Prenom, Categorie, dateNaissance)
VALUES
(
10, 'IRBAT', 'AYACHE', 'HANSAL ', 'DÉFENSEUR', '1998-07-23'
);

/* INSERT QUERY NO: 280 */
INSERT INTO Joueur(id, idEquipe, Nom, Prenom, Categorie, dateNaissance)
VALUES
(
11, 'IRBAT', 'CHEROUR ISMAIL', 'BOURAS ', 'DÉFENSEUR', '1998-07-24'
);

/* INSERT QUERY NO: 281 */
INSERT INTO Joueur(id, idEquipe, Nom, Prenom, Categorie, dateNaissance)
VALUES
(
12, 'IRBAT', 'MAGRI MONCEF', 'SIDIRA ', 'DÉFENSEUR', '1998-07-25'
);

/* INSERT QUERY NO: 282 */
INSERT INTO Joueur(id, idEquipe, Nom, Prenom, Categorie, dateNaissance)
VALUES
(
13, 'IRBAT', 'SOUILAH OUBEIDA', 'BENBOUTELDJA ', 'MILIEU DE TERRAIN', '1998-07-26'
);

/* INSERT QUERY NO: 283 */
INSERT INTO Joueur(id, idEquipe, Nom, Prenom, Categorie, dateNaissance)
VALUES
(
14, 'IRBAT', 'TOUBAL FATEH', 'ALBANE ', 'MILIEU DE TERRAIN', '1998-07-27'
);

/* INSERT QUERY NO: 284 */
INSERT INTO Joueur(id, idEquipe, Nom, Prenom, Categorie, dateNaissance)
VALUES
(
15, 'IRBAT', 'MENGALATI', 'BENMORSLI ', 'MILIEU DE TERRAIN', '1998-07-28'
);

/* INSERT QUERY NO: 285 */
INSERT INTO Joueur(id, idEquipe, Nom, Prenom, Categorie, dateNaissance)
VALUES
(
16, 'IRBAT', 'RABIA', 'HAOULAY ', 'MILIEU DE TERRAIN', '1998-07-29'
);

/* INSERT QUERY NO: 286 */
INSERT INTO Joueur(id, idEquipe, Nom, Prenom, Categorie, dateNaissance)
VALUES
(
17, 'IRBAT', 'BENSERHANE', 'AIT-SEDDIK', 'MILIEU DE TERRAIN', '1998-07-30'
);

/* INSERT QUERY NO: 287 */
INSERT INTO Joueur(id, idEquipe, Nom, Prenom, Categorie, dateNaissance)
VALUES
(
18, 'IRBAT', ' AKTOUF', 'LAZEGHED ', 'ATTAQUANT', '1998-07-31'
);

/* INSERT QUERY NO: 288 */
INSERT INTO Joueur(id, idEquipe, Nom, Prenom, Categorie, dateNaissance)
VALUES
(
19, 'IRBAT', 'ZABATI', 'CHERIF', 'ATTAQUANT', '1998-08-01'
);

/* INSERT QUERY NO: 289 */
INSERT INTO Joueur(id, idEquipe, Nom, Prenom, Categorie, dateNaissance)
VALUES
(
20, 'IRBAT', 'BOURAHLA', 'NEBBOU ', 'ATTAQUANT', '1998-08-02'
);

/* INSERT QUERY NO: 290 */
INSERT INTO Joueur(id, idEquipe, Nom, Prenom, Categorie, dateNaissance)
VALUES
(
21, 'IRBAT', 'HADOUCHE', 'ALIOUA ', 'ATTAQUANT', '1998-08-03'
);

/* INSERT QUERY NO: 291 */
INSERT INTO Joueur(id, idEquipe, Nom, Prenom, Categorie, dateNaissance)
VALUES
(
22, 'IRBAT', 'ZADI', 'DJEBROUNI ', 'ATTAQUANT', '1998-08-04'
);

/* INSERT QUERY NO: 292 */
INSERT INTO Joueur(id, idEquipe, Nom, Prenom, Categorie, dateNaissance)
VALUES
(
23, 'IRBAT', 'DJOUDI', 'BENKERROUCHE ', 'ATTAQUANT', '1998-08-05'
);

/* INSERT QUERY NO: 293 */
INSERT INTO Joueur(id, idEquipe, Nom, Prenom, Categorie, dateNaissance)
VALUES
(
24, 'IRBAT', 'SOUILAH', 'MANSEUR ', 'ATTAQUANT', '1998-08-06'
);

/* INSERT QUERY NO: 294 */
INSERT INTO Joueur(id, idEquipe, Nom, Prenom, Categorie, dateNaissance)
VALUES
(
25, 'IRBAT', 'AYACHE', 'SAHRAOUI ', 'ATTAQUANT', '1998-08-07'
);

/* INSERT QUERY NO: 295 */
INSERT INTO Joueur(id, idEquipe, Nom, Prenom, Categorie, dateNaissance)
VALUES
(
26, 'IRBAT', 'BOURAHLA BOUALEM', 'CHERGUI', 'ATTAQUANT', '1998-08-08'
);

/* INSERT QUERY NO: 296 */
INSERT INTO Joueur(id, idEquipe, Nom, Prenom, Categorie, dateNaissance)
VALUES
(
1, 'CRS', 'HADJRES FAROUK', 'CHEBTA ', 'GARDIEN DE BUT', '1998-08-09'
);

/* INSERT QUERY NO: 297 */
INSERT INTO Joueur(id, idEquipe, Nom, Prenom, Categorie, dateNaissance)
VALUES
(
2, 'CRS', 'DJOUDI', 'OUAAD ', 'GARDIEN DE BUT', '1998-08-10'
);

/* INSERT QUERY NO: 298 */
INSERT INTO Joueur(id, idEquipe, Nom, Prenom, Categorie, dateNaissance)
VALUES
(
3, 'CRS', 'BOUKHEDACHE', 'ALI ', 'GARDIEN DE BUT', '1998-08-11'
);

/* INSERT QUERY NO: 299 */
INSERT INTO Joueur(id, idEquipe, Nom, Prenom, Categorie, dateNaissance)
VALUES
(
4, 'CRS', 'RABIA', 'RAI ', 'DÉFENSEUR', '1998-08-12'
);

/* INSERT QUERY NO: 300 */
INSERT INTO Joueur(id, idEquipe, Nom, Prenom, Categorie, dateNaissance)
VALUES
(
5, 'CRS', 'BADACHE', 'MEDJADBA ', 'DÉFENSEUR', '1998-08-13'
);

/* INSERT QUERY NO: 301 */
INSERT INTO Joueur(id, idEquipe, Nom, Prenom, Categorie, dateNaissance)
VALUES
(
6, 'CRS', 'BOUKHEDACHE', 'MALKI ', 'DÉFENSEUR', '1998-08-14'
);

/* INSERT QUERY NO: 302 */
INSERT INTO Joueur(id, idEquipe, Nom, Prenom, Categorie, dateNaissance)
VALUES
(
7, 'CRS', 'MAZIRI', 'ADEL', 'DÉFENSEUR', '1998-08-15'
);

/* INSERT QUERY NO: 303 */
INSERT INTO Joueur(id, idEquipe, Nom, Prenom, Categorie, dateNaissance)
VALUES
(
8, 'CRS', 'HADJRES', 'ABDERAZAK ', 'DÉFENSEUR', '1998-08-16'
);

/* INSERT QUERY NO: 304 */
INSERT INTO Joueur(id, idEquipe, Nom, Prenom, Categorie, dateNaissance)
VALUES
(
9, 'CRS', 'HADDOUCHE', 'SOFIANE ', 'DÉFENSEUR', '1998-08-17'
);

/* INSERT QUERY NO: 305 */
INSERT INTO Joueur(id, idEquipe, Nom, Prenom, Categorie, dateNaissance)
VALUES
(
10, 'CRS', 'SELLAMI', 'MAHMOUD ', 'DÉFENSEUR', '1998-08-18'
);

/* INSERT QUERY NO: 306 */
INSERT INTO Joueur(id, idEquipe, Nom, Prenom, Categorie, dateNaissance)
VALUES
(
11, 'CRS', 'SAIDANI', 'ABDELHAMID', 'DÉFENSEUR', '1998-08-19'
);

/* INSERT QUERY NO: 307 */
INSERT INTO Joueur(id, idEquipe, Nom, Prenom, Categorie, dateNaissance)
VALUES
(
12, 'CRS', 'FAROUK', 'FAYCEL', 'DÉFENSEUR', '1998-08-20'
);

/* INSERT QUERY NO: 308 */
INSERT INTO Joueur(id, idEquipe, Nom, Prenom, Categorie, dateNaissance)
VALUES
(
13, 'CRS', 'WALID', 'KHALED', 'MILIEU DE TERRAIN', '1998-08-21'
);

/* INSERT QUERY NO: 309 */
INSERT INTO Joueur(id, idEquipe, Nom, Prenom, Categorie, dateNaissance)
VALUES
(
14, 'CRS', 'SAIDANI', 'HOCINE', 'MILIEU DE TERRAIN', '1998-08-22'
);

/* INSERT QUERY NO: 310 */
INSERT INTO Joueur(id, idEquipe, Nom, Prenom, Categorie, dateNaissance)
VALUES
(
15, 'CRS', 'BOUKHEDACHE', 'AZZIZ', 'MILIEU DE TERRAIN', '1998-08-23'
);

/* INSERT QUERY NO: 311 */
INSERT INTO Joueur(id, idEquipe, Nom, Prenom, Categorie, dateNaissance)
VALUES
(
16, 'CRS', 'BOUALEM', 'YOUCEF', 'MILIEU DE TERRAIN', '1998-08-24'
);

/* INSERT QUERY NO: 312 */
INSERT INTO Joueur(id, idEquipe, Nom, Prenom, Categorie, dateNaissance)
VALUES
(
17, 'CRS', 'HADOUCHE', 'FARES', 'MILIEU DE TERRAIN', '1998-08-25'
);

/* INSERT QUERY NO: 313 */
INSERT INTO Joueur(id, idEquipe, Nom, Prenom, Categorie, dateNaissance)
VALUES
(
18, 'CRS', 'SAHLI', 'LAID', 'ATTAQUANT', '1998-08-26'
);

/* INSERT QUERY NO: 314 */
INSERT INTO Joueur(id, idEquipe, Nom, Prenom, Categorie, dateNaissance)
VALUES
(
19, 'CRS', 'KERMCHE', 'AZZEDDINE', 'ATTAQUANT', '1998-08-27'
);

/* INSERT QUERY NO: 315 */
INSERT INTO Joueur(id, idEquipe, Nom, Prenom, Categorie, dateNaissance)
VALUES
(
20, 'CRS', 'BOURAHLA', 'BADREDINE', 'ATTAQUANT', '1998-08-28'
);

/* INSERT QUERY NO: 316 */
INSERT INTO Joueur(id, idEquipe, Nom, Prenom, Categorie, dateNaissance)
VALUES
(
21, 'CRS', 'SADAOUI', 'SID ALI', 'ATTAQUANT', '1998-08-29'
);

/* INSERT QUERY NO: 317 */
INSERT INTO Joueur(id, idEquipe, Nom, Prenom, Categorie, dateNaissance)
VALUES
(
22, 'CRS', 'SAIDANI', 'HAMZA', 'ATTAQUANT', '1998-08-30'
);

/* INSERT QUERY NO: 318 */
INSERT INTO Joueur(id, idEquipe, Nom, Prenom, Categorie, dateNaissance)
VALUES
(
23, 'CRS', 'BADACHE', 'MOHAMED RIAD', 'ATTAQUANT', '1998-08-31'
);

/* INSERT QUERY NO: 319 */
INSERT INTO Joueur(id, idEquipe, Nom, Prenom, Categorie, dateNaissance)
VALUES
(
24, 'CRS', 'HADJRES', 'IHSSAN', 'ATTAQUANT', '1998-09-01'
);

/* INSERT QUERY NO: 320 */
INSERT INTO Joueur(id, idEquipe, Nom, Prenom, Categorie, dateNaissance)
VALUES
(
25, 'CRS', 'AYACHE', 'SALAM', 'ATTAQUANT', '1998-09-02'
);

/* INSERT QUERY NO: 321 */
INSERT INTO Joueur(id, idEquipe, Nom, Prenom, Categorie, dateNaissance)
VALUES
(
26, 'CRS', 'GOUBI', 'YOUCEF', 'ATTAQUANT', '1998-09-03'
);
/* INSERT QUERY NO: 1 */
INSERT INTO Arbitre(id, nom, prenom, dateNaissance, lieuNaissance)
VALUES
(
1, 'TOUBAL', ' FATEH', '1983-06-26', 'ALGER'
);

/* INSERT QUERY NO: 2 */
INSERT INTO Arbitre(id, nom, prenom, dateNaissance, lieuNaissance)
VALUES
(
2, 'AYACHE', 'KARIM', '1983-06-27', 'ALGER'
);

/* INSERT QUERY NO: 3 */
INSERT INTO Arbitre(id, nom, prenom, dateNaissance, lieuNaissance)
VALUES
(
3, 'CHEROUR ', 'ISMAIL', '1983-06-28', 'ALGER'
);

/* INSERT QUERY NO: 4 */
INSERT INTO Arbitre(id, nom, prenom, dateNaissance, lieuNaissance)
VALUES
(
4, 'MAGRI ', 'MONCEF', '1983-06-29', 'ALGER'
);

/* INSERT QUERY NO: 5 */
INSERT INTO Arbitre(id, nom, prenom, dateNaissance, lieuNaissance)
VALUES
(
5, 'SOUILAH ', 'OUBEIDA', '1983-06-30', 'ALGER'
);

/* INSERT QUERY NO: 6 */
INSERT INTO Arbitre(id, nom, prenom, dateNaissance, lieuNaissance)
VALUES
(
6, 'MENGALATI ', 'HAMID', '1983-07-01', 'ALGER'
);

/* INSERT QUERY NO: 7 */
INSERT INTO Arbitre(id, nom, prenom, dateNaissance, lieuNaissance)
VALUES
(
7, 'RABIA ', 'YACINE', '1983-07-02', 'ALGER'
);

/* INSERT QUERY NO: 8 */
INSERT INTO Arbitre(id, nom, prenom, dateNaissance, lieuNaissance)
VALUES
(
8, 'BENSERHANE', 'MOUSSA', '1983-07-03', 'ALGER'
);

/* INSERT QUERY NO: 9 */
INSERT INTO Arbitre(id, nom, prenom, dateNaissance, lieuNaissance)
VALUES
(
9, 'AKTOUF', 'CHAMS EDDINE', '1983-07-04', 'ALGER'
);

/* INSERT QUERY NO: 10 */
INSERT INTO Arbitre(id, nom, prenom, dateNaissance, lieuNaissance)
VALUES
(
10, 'ZABATI ', 'NADJIB', '1983-07-05', 'ALGER'
);

/* INSERT QUERY NO: 11 */
INSERT INTO Arbitre(id, nom, prenom, dateNaissance, lieuNaissance)
VALUES
(
11, 'BOURAHLA ', 'BOUALEM', '1983-07-06', 'ALGER'
);

/* INSERT QUERY NO: 12 */
INSERT INTO Arbitre(id, nom, prenom, dateNaissance, lieuNaissance)
VALUES
(
12, 'HADOUCHE ', 'WALID', '1983-07-07', 'ALGER'
);

/* INSERT QUERY NO: 13 */
INSERT INTO Arbitre(id, nom, prenom, dateNaissance, lieuNaissance)
VALUES
(
13, 'ZADI ', 'SOFIANE', '1983-07-08', 'ALGER'
);

/* INSERT QUERY NO: 14 */
INSERT INTO Arbitre(id, nom, prenom, dateNaissance, lieuNaissance)
VALUES
(
14, 'DJOUDI ', 'ZAKARIA', '1983-07-09', 'ALGER'
);

/* INSERT QUERY NO: 15 */
INSERT INTO Arbitre(id, nom, prenom, dateNaissance, lieuNaissance)
VALUES
(
15, 'SOUILAH ', 'OBEIDA', '1983-07-10', 'ALGER'
);

/* INSERT QUERY NO: 16 */
INSERT INTO Arbitre(id, nom, prenom, dateNaissance, lieuNaissance)
VALUES
(
16, 'AYACHE ', 'KARIM', '1983-07-11', 'ALGER'
);

/* INSERT QUERY NO: 17 */
INSERT INTO Arbitre(id, nom, prenom, dateNaissance, lieuNaissance)
VALUES
(
17, 'HADJRES ', 'FAROUK', '1983-07-12', 'ALGER'
);

/* INSERT QUERY NO: 18 */
INSERT INTO Arbitre(id, nom, prenom, dateNaissance, lieuNaissance)
VALUES
(
18, 'BOUKHEDACHE ', 'HAMZA', '1983-07-13', 'ALGER'
);

/* INSERT QUERY NO: 19 */
INSERT INTO Arbitre(id, nom, prenom, dateNaissance, lieuNaissance)
VALUES
(
19, 'RABIA ', 'YACINE', '1983-07-14', 'ALGER'
);

/* INSERT QUERY NO: 20 */
INSERT INTO Arbitre(id, nom, prenom, dateNaissance, lieuNaissance)
VALUES
(
20, 'SAIDANI ', 'HOUSEM', '1983-07-15', 'ALGER'
);

/* INSERT QUERY NO: 21 */
INSERT INTO Arbitre(id, nom, prenom, dateNaissance, lieuNaissance)
VALUES
(
21, 'SADAOUI ', 'RABAH ADLANE', '1983-07-16', 'ALGER'
);

/* INSERT QUERY NO: 22 */
INSERT INTO Arbitre(id, nom, prenom, dateNaissance, lieuNaissance)
VALUES
(
22, 'MAZIRI ', 'AMIR', '1983-07-17', 'ALGER'
);

/* INSERT QUERY NO: 23 */
INSERT INTO Arbitre(id, nom, prenom, dateNaissance, lieuNaissance)
VALUES
(
23, 'BADACHE ', 'ABDELKRIM', '1983-07-18', 'ALGER'
);

/* INSERT QUERY NO: 24 */
INSERT INTO Arbitre(id, nom, prenom, dateNaissance, lieuNaissance)
VALUES
(
24, 'SELLAMI ', 'FARES', '1983-07-19', 'ALGER'
);

/* INSERT QUERY NO: 25 */
INSERT INTO Arbitre(id, nom, prenom, dateNaissance, lieuNaissance)
VALUES
(
25, 'SAHLI ', 'LAMINE', '1983-07-20', 'ALGER'
);

/* INSERT QUERY NO: 26 */
INSERT INTO Arbitre(id, nom, prenom, dateNaissance, lieuNaissance)
VALUES
(
26, 'KERMCHE ', 'YACINE', '1983-07-21', 'ALGER'
);

/* INSERT QUERY NO: 27 */
INSERT INTO Arbitre(id, nom, prenom, dateNaissance, lieuNaissance)
VALUES
(
27, 'SADAOUI ', 'RABAH ADLANE', '1983-07-22', 'ALGER'
);

/* INSERT QUERY NO: 28 */
INSERT INTO Arbitre(id, nom, prenom, dateNaissance, lieuNaissance)
VALUES
(
28, 'AIT CHAOUCH ', 'KHALED', '1983-07-23', 'ALGER'
);

/* INSERT QUERY NO: 29 */
INSERT INTO Arbitre(id, nom, prenom, dateNaissance, lieuNaissance)
VALUES
(
29, 'BELHOUT ', 'ABDELAID', '1983-07-24', 'ALGER'
);

/* INSERT QUERY NO: 30 */
INSERT INTO Arbitre(id, nom, prenom, dateNaissance, lieuNaissance)
VALUES
(
30, 'MENGUELLATI ', 'HAMID', '1983-07-25', 'ALGER'
);

/* INSERT QUERY NO: 31 */
INSERT INTO Arbitre(id, nom, prenom, dateNaissance, lieuNaissance)
VALUES
(
31, 'MAGRI ', 'MONCEF', '1983-07-26', 'ALGER'
);

/* INSERT QUERY NO: 32 */
INSERT INTO Arbitre(id, nom, prenom, dateNaissance, lieuNaissance)
VALUES
(
32, 'MENGALATI ', 'HAMID', '1983-07-27', 'ALGER'
);

/* INSERT QUERY NO: 33 */
INSERT INTO Arbitre(id, nom, prenom, dateNaissance, lieuNaissance)
VALUES
(
33, 'BENSERHANE', 'KHALED', '1983-07-28', 'ALGER'
);

/* INSERT QUERY NO: 34 */
INSERT INTO Arbitre(id, nom, prenom, dateNaissance, lieuNaissance)
VALUES
(
34, 'BENOUNAS', 'BILAL', '1983-07-29', 'ALGER'
);

/* INSERT QUERY NO: 35 */
INSERT INTO Arbitre(id, nom, prenom, dateNaissance, lieuNaissance)
VALUES
(
35, 'RABIA YACINE', 'MOHAMED', '1983-07-30', 'ALGER'
);

/* INSERT QUERY NO: 36 */
INSERT INTO Arbitre(id, nom, prenom, dateNaissance, lieuNaissance)
VALUES
(
36, 'GOUBI', 'MOUSSA', '1983-07-31', 'ALGER'
);

/* INSERT QUERY NO: 37 */
INSERT INTO Arbitre(id, nom, prenom, dateNaissance, lieuNaissance)
VALUES
(
37, 'CHEROUR', 'ABDERRAZAK', '1983-08-01', 'ALGER'
);
/* INSERT QUERY NO: 1 */
INSERT INTO Dirigeant(id, idEquipe, nom, prenom, fonction, dateNaissance, lieuNaissance)
VALUES
(
1, 'AASR', 'TOUBAL', ' FATEH', 'D.T.S', '1961-12-26', 'Alger'
);

/* INSERT QUERY NO: 2 */
INSERT INTO Dirigeant(id, idEquipe, nom, prenom, fonction, dateNaissance, lieuNaissance)
VALUES
(
2, 'AASR', 'AYACHE', 'KARIM', 'Secrétaire seniors', '1961-12-27', 'Alger'
);

/* INSERT QUERY NO: 3 */
INSERT INTO Dirigeant(id, idEquipe, nom, prenom, fonction, dateNaissance, lieuNaissance)
VALUES
(
3, 'ESMBR', 'CHEROUR ', 'ISMAIL', 'D.T.S', '1961-12-28', 'Alger'
);

/* INSERT QUERY NO: 4 */
INSERT INTO Dirigeant(id, idEquipe, nom, prenom, fonction, dateNaissance, lieuNaissance)
VALUES
(
4, 'ESMBR', 'MAGRI ', 'MONCEF', 'Secrétaire seniors', '1961-12-29', 'Alger'
);

/* INSERT QUERY NO: 5 */
INSERT INTO Dirigeant(id, idEquipe, nom, prenom, fonction, dateNaissance, lieuNaissance)
VALUES
(
5, 'JSOMA', 'SOUILAH ', 'OUBEIDA', 'D.T.S', '1961-12-30', 'Alger'
);

/* INSERT QUERY NO: 6 */
INSERT INTO Dirigeant(id, idEquipe, nom, prenom, fonction, dateNaissance, lieuNaissance)
VALUES
(
6, 'JSOMA', 'MENGALATI ', 'HAMID', 'Secrétaire seniors', '1961-12-31', 'Alger'
);

/* INSERT QUERY NO: 7 */
INSERT INTO Dirigeant(id, idEquipe, nom, prenom, fonction, dateNaissance, lieuNaissance)
VALUES
(
7, 'CRD', 'RABIA ', 'YACINE', 'D.T.S', '1962-01-01', 'Alger'
);

/* INSERT QUERY NO: 8 */
INSERT INTO Dirigeant(id, idEquipe, nom, prenom, fonction, dateNaissance, lieuNaissance)
VALUES
(
8, 'CRD', 'BENSERHANE', 'NULL', 'Secrétaire seniors', '1962-01-02', 'Alger'
);

/* INSERT QUERY NO: 9 */
INSERT INTO Dirigeant(id, idEquipe, nom, prenom, fonction, dateNaissance, lieuNaissance)
VALUES
(
9, 'JSMR', ' AKTOUF', 'NULL', 'D.T.S', '1962-01-03', 'Alger'
);

/* INSERT QUERY NO: 10 */
INSERT INTO Dirigeant(id, idEquipe, nom, prenom, fonction, dateNaissance, lieuNaissance)
VALUES
(
10, 'JSMR', 'ZABATI ', 'NADJIB', 'Secrétaire seniors', '1962-01-04', 'Alger'
);

/* INSERT QUERY NO: 11 */
INSERT INTO Dirigeant(id, idEquipe, nom, prenom, fonction, dateNaissance, lieuNaissance)
VALUES
(
11, 'JSBB', 'BOURAHLA ', 'BOUALEM', 'D.T.S', '1962-01-05', 'Alger'
);

/* INSERT QUERY NO: 12 */
INSERT INTO Dirigeant(id, idEquipe, nom, prenom, fonction, dateNaissance, lieuNaissance)
VALUES
(
12, 'JSBB', 'HADOUCHE ', 'WALID', 'Secrétaire seniors', '1962-01-06', 'Alger'
);

/* INSERT QUERY NO: 13 */
INSERT INTO Dirigeant(id, idEquipe, nom, prenom, fonction, dateNaissance, lieuNaissance)
VALUES
(
13, 'CRS', 'ZADI ', 'SOFIANE', 'D.T.S', '1962-01-07', 'Alger'
);

/* INSERT QUERY NO: 14 */
INSERT INTO Dirigeant(id, idEquipe, nom, prenom, fonction, dateNaissance, lieuNaissance)
VALUES
(
14, 'CRS', 'DJOUDI ', 'ZAKARIA', 'Secrétaire seniors', '1962-01-08', 'Alger'
);

/* INSERT QUERY NO: 15 */
INSERT INTO Dirigeant(id, idEquipe, nom, prenom, fonction, dateNaissance, lieuNaissance)
VALUES
(
15, 'WRDBK', 'SOUILAH ', 'OBEIDA', 'D.T.S', '1962-01-09', 'Alger'
);

/* INSERT QUERY NO: 16 */
INSERT INTO Dirigeant(id, idEquipe, nom, prenom, fonction, dateNaissance, lieuNaissance)
VALUES
(
16, 'WRDBK', 'AYACHE ', 'KARIM', 'Secrétaire seniors', '1962-01-10', 'Alger'
);

/* INSERT QUERY NO: 17 */
INSERT INTO Dirigeant(id, idEquipe, nom, prenom, fonction, dateNaissance, lieuNaissance)
VALUES
(
17, 'CMBK', 'HADJRES ', 'FAROUK', 'D.T.S', '1962-01-11', 'Alger'
);

/* INSERT QUERY NO: 18 */
INSERT INTO Dirigeant(id, idEquipe, nom, prenom, fonction, dateNaissance, lieuNaissance)
VALUES
(
18, 'CMBK', 'BOUKHEDACHE ', 'HAMZA', 'Secrétaire seniors', '1962-01-12', 'Alger'
);

/* INSERT QUERY NO: 19 */
INSERT INTO Dirigeant(id, idEquipe, nom, prenom, fonction, dateNaissance, lieuNaissance)
VALUES
(
19, 'CRBH', 'BOUAFIA ', 'BILLAL', 'D.T.S', '1962-01-13', 'Alger'
);

/* INSERT QUERY NO: 20 */
INSERT INTO Dirigeant(id, idEquipe, nom, prenom, fonction, dateNaissance, lieuNaissance)
VALUES
(
20, 'CRBH', 'FEZZA ', 'TOUFIK', 'Secrétaire seniors', '1962-01-14', 'Alger'
);

/* INSERT QUERY NO: 21 */
INSERT INTO Dirigeant(id, idEquipe, nom, prenom, fonction, dateNaissance, lieuNaissance)
VALUES
(
21, 'CRH', 'DJEMMAH ', 'MOKHTAR', 'D.T.S', '1962-01-15', 'Alger'
);

/* INSERT QUERY NO: 22 */
INSERT INTO Dirigeant(id, idEquipe, nom, prenom, fonction, dateNaissance, lieuNaissance)
VALUES
(
22, 'CRH', 'BOUCHENEB ', 'MOHAMED LAMINE', 'Secrétaire seniors', '1962-01-16', 'Alger'
);

/* INSERT QUERY NO: 23 */
INSERT INTO Dirigeant(id, idEquipe, nom, prenom, fonction, dateNaissance, lieuNaissance)
VALUES
(
23, 'IRBAT', 'SLIMANI ', 'RAFIK', 'D.T.S', '1962-01-17', 'Alger'
);

/* INSERT QUERY NO: 24 */
INSERT INTO Dirigeant(id, idEquipe, nom, prenom, fonction, dateNaissance, lieuNaissance)
VALUES
(
24, 'IRBAT', 'OULD TALEB', 'SOFIANE', 'Secrétaire seniors', '1962-01-18', 'Alger'
);
/* INSERT QUERY NO: 1 */
INSERT INTO MembreStaff(id, idEquipe, nom, prenom, fonction, dateNaissance, lieuNaissance)
VALUES
(
1, 'AASR', 'OULAK', 'ADEL', 'ENTRAÎNEUR PRINCIPAL', '1996-11-20', 'HUSSEIN DEY'
);

/* INSERT QUERY NO: 2 */
INSERT INTO MembreStaff(id, idEquipe, nom, prenom, fonction, dateNaissance, lieuNaissance)
VALUES
(
2, 'AASR', 'SI AMER', 'ABDERAZAK ', 'ENTRAÎNEUR PRINCIPAL', '1988-04-02', 'AIN EL HAMMAM'
);

/* INSERT QUERY NO: 3 */
INSERT INTO MembreStaff(id, idEquipe, nom, prenom, fonction, dateNaissance, lieuNaissance)
VALUES
(
3, 'AASR', 'AISSI ', 'SOFIANE ', 'ENTRAÎNEUR PRINCIPAL', '1973-08-13', 'EL HARRACH'
);

/* INSERT QUERY NO: 4 */
INSERT INTO MembreStaff(id, idEquipe, nom, prenom, fonction, dateNaissance, lieuNaissance)
VALUES
(
4, 'AASR', 'BOUKOURA ', 'MAHMOUD ', 'ENTRAÎNEUR PRINCIPAL', '1965-08-09', 'BAB ELOUED'
);

/* INSERT QUERY NO: 5 */
INSERT INTO MembreStaff(id, idEquipe, nom, prenom, fonction, dateNaissance, lieuNaissance)
VALUES
(
5, 'ESMBR', 'DEFFAF ', 'ABDELHAMID', 'ENTRAÎNEUR PRINCIPAL', '1983-06-26', 'REGHAIA'
);

/* INSERT QUERY NO: 6 */
INSERT INTO MembreStaff(id, idEquipe, nom, prenom, fonction, dateNaissance, lieuNaissance)
VALUES
(
6, 'ESMBR', 'ZAIOU ', 'FAYCEL', 'ENTRAÎNEUR PRINCIPAL', '1994-08-10', 'REGHAIA'
);

/* INSERT QUERY NO: 7 */
INSERT INTO MembreStaff(id, idEquipe, nom, prenom, fonction, dateNaissance, lieuNaissance)
VALUES
(
7, 'ESMBR', 'DRAOUI ', 'KHALED', 'ENTRAÎNEUR PRINCIPAL', '1992-08-17', 'REGHAIA'
);

/* INSERT QUERY NO: 8 */
INSERT INTO MembreStaff(id, idEquipe, nom, prenom, fonction, dateNaissance, lieuNaissance)
VALUES
(
8, 'ESMBR', 'BENCHERNIN ', 'HOCINE', 'ENTRAÎNEUR PRINCIPAL', '1978-01-11', 'DJAAFRA'
);

/* INSERT QUERY NO: 9 */
INSERT INTO MembreStaff(id, idEquipe, nom, prenom, fonction, dateNaissance, lieuNaissance)
VALUES
(
9, 'ESMBR', 'BENDADA ', 'AZZIZ', 'ENTRAÎNEUR ADJOINT', '1982-08-01', 'CONSTANTINE'
);

/* INSERT QUERY NO: 10 */
INSERT INTO MembreStaff(id, idEquipe, nom, prenom, fonction, dateNaissance, lieuNaissance)
VALUES
(
10, 'JSOMA', 'RAHIM ', 'YOUCEF', 'ENTRAÎNEUR PRINCIPAL', '1981-10-14', 'HUSSEIN DEY'
);

/* INSERT QUERY NO: 11 */
INSERT INTO MembreStaff(id, idEquipe, nom, prenom, fonction, dateNaissance, lieuNaissance)
VALUES
(
11, 'JSOMA', 'KHERABI ', 'FARES', 'ENTRAÎNEUR PRINCIPAL', '1992-01-22', 'ROUIBA'
);

/* INSERT QUERY NO: 12 */
INSERT INTO MembreStaff(id, idEquipe, nom, prenom, fonction, dateNaissance, lieuNaissance)
VALUES
(
12, 'JSOMA', 'BEN SADOUNI', 'LAID', 'ENTRAÎNEUR PRINCIPAL', '1984-03-10', 'AIN TAYA'
);

/* INSERT QUERY NO: 13 */
INSERT INTO MembreStaff(id, idEquipe, nom, prenom, fonction, dateNaissance, lieuNaissance)
VALUES
(
13, 'JSOMA', 'ABDELLAOUI ', 'AZZEDDINE', 'ENTRAÎNEUR PRINCIPAL', '1974-12-04', 'ROUIBA'
);

/* INSERT QUERY NO: 14 */
INSERT INTO MembreStaff(id, idEquipe, nom, prenom, fonction, dateNaissance, lieuNaissance)
VALUES
(
14, 'CRD', 'DJABALI ', 'BADREDINE', 'ENTRAÎNEUR PRINCIPAL', '1971-11-10', 'SIDI MHAMED'
);

/* INSERT QUERY NO: 15 */
INSERT INTO MembreStaff(id, idEquipe, nom, prenom, fonction, dateNaissance, lieuNaissance)
VALUES
(
15, 'CRD', 'KHENIFI ', 'SID ALI', 'ENTRAÎNEUR PRINCIPAL', '1982-05-15', 'ALGER'
);

/* INSERT QUERY NO: 16 */
INSERT INTO MembreStaff(id, idEquipe, nom, prenom, fonction, dateNaissance, lieuNaissance)
VALUES
(
16, 'CRD', 'MOSTEFAOUI ', 'HAMZA', 'ENTRAÎNEUR PRINCIPAL', '1981-07-30', 'KOUBA'
);

/* INSERT QUERY NO: 17 */
INSERT INTO MembreStaff(id, idEquipe, nom, prenom, fonction, dateNaissance, lieuNaissance)
VALUES
(
17, 'CRD', 'BELKACEMI ', 'MOHAMED RIAD', 'ENTRAÎNEUR PRINCIPAL', '1973-07-19', 'ALGER CENTRE'
);

/* INSERT QUERY NO: 18 */
INSERT INTO MembreStaff(id, idEquipe, nom, prenom, fonction, dateNaissance, lieuNaissance)
VALUES
(
18, 'CRD', 'RIACHE ', 'IHSSAN', 'ENTRAÎNEUR ADJOINT', '1983-03-24', 'HUSSEIN-DEY'
);

/* INSERT QUERY NO: 19 */
INSERT INTO MembreStaff(id, idEquipe, nom, prenom, fonction, dateNaissance, lieuNaissance)
VALUES
(
19, 'CRD', 'ELZAANINE ', 'SALAM', 'ENTRAÎNEUR ADJOINT', '1999-01-12', 'KOUBA'
);

/* INSERT QUERY NO: 20 */
INSERT INTO MembreStaff(id, idEquipe, nom, prenom, fonction, dateNaissance, lieuNaissance)
VALUES
(
20, 'JSBB', 'SAHRAOUI ', 'YOUCEF', 'ENTRAÎNEUR PRINCIPAL', '1975-05-12', 'MADANIA'
);

/* INSERT QUERY NO: 21 */
INSERT INTO MembreStaff(id, idEquipe, nom, prenom, fonction, dateNaissance, lieuNaissance)
VALUES
(
21, 'JSBB', 'GAAGA ', 'FOUDIL', 'ENTRAÎNEUR ADJOINT', '1975-04-14', 'ROUIBA'
);

/* INSERT QUERY NO: 22 */
INSERT INTO MembreStaff(id, idEquipe, nom, prenom, fonction, dateNaissance, lieuNaissance)
VALUES
(
22, 'JSBB', 'SEBA ', 'REDA', 'ENTRAÎNEUR PRINCIPAL', '1965-06-24', 'KOUBA'
);

/* INSERT QUERY NO: 23 */
INSERT INTO MembreStaff(id, idEquipe, nom, prenom, fonction, dateNaissance, lieuNaissance)
VALUES
(
23, 'JSBB', 'BELACEL ', 'MOHAMED AMINE', 'ENTRAÎNEUR PRINCIPAL', '1989-12-10', 'HUSSEIN-DEY'
);

/* INSERT QUERY NO: 24 */
INSERT INTO MembreStaff(id, idEquipe, nom, prenom, fonction, dateNaissance, lieuNaissance)
VALUES
(
24, 'JSBB', 'BOUMERFEG ', 'NABIL', 'ENTRAÎNEUR PRINCIPAL', '1962-09-15', 'SETIF'
);

/* INSERT QUERY NO: 25 */
INSERT INTO MembreStaff(id, idEquipe, nom, prenom, fonction, dateNaissance, lieuNaissance)
VALUES
(
25, 'CRS', 'HANSAL ', 'KAMEL', 'ENTRAÎNEUR PRINCIPAL', '1972-05-16', 'ROUIBA'
);

/* INSERT QUERY NO: 26 */
INSERT INTO MembreStaff(id, idEquipe, nom, prenom, fonction, dateNaissance, lieuNaissance)
VALUES
(
26, 'CRS', 'BOURAS ', 'RAMDANE', 'ENTRAÎNEUR PRINCIPAL', '1964-01-13', 'ROUIBA'
);

/* INSERT QUERY NO: 27 */
INSERT INTO MembreStaff(id, idEquipe, nom, prenom, fonction, dateNaissance, lieuNaissance)
VALUES
(
27, 'CRS', 'SIDIRA ', 'SOFIANE', 'ENTRAÎNEUR PRINCIPAL', '1974-06-15', 'ROUIBA'
);

/* INSERT QUERY NO: 28 */
INSERT INTO MembreStaff(id, idEquipe, nom, prenom, fonction, dateNaissance, lieuNaissance)
VALUES
(
28, 'CRS', 'BENBOUTELDJA ', 'SADEK', 'ENTRAÎNEUR ADJOINT', '1966-01-18', 'ROUIBA'
);

/* INSERT QUERY NO: 29 */
INSERT INTO MembreStaff(id, idEquipe, nom, prenom, fonction, dateNaissance, lieuNaissance)
VALUES
(
29, 'CRS', 'ALBANE ', 'NOURREDDINE', 'ENTRAÎNEUR PRINCIPAL', '1963-04-22', 'ALGER'
);

/* INSERT QUERY NO: 30 */
INSERT INTO MembreStaff(id, idEquipe, nom, prenom, fonction, dateNaissance, lieuNaissance)
VALUES
(
30, 'WRDBK', 'BENMORSLI ', 'MOHAMED', 'ENTRAÎNEUR PRINCIPAL', '1965-08-29', 'CASBAH'
);

/* INSERT QUERY NO: 31 */
INSERT INTO MembreStaff(id, idEquipe, nom, prenom, fonction, dateNaissance, lieuNaissance)
VALUES
(
31, 'WRDBK', 'HAOULAY ', 'KAMEL', 'ENTRAÎNEUR PRINCIPAL', '1949-02-06', 'ALGER CENTRE'
);

/* INSERT QUERY NO: 32 */
INSERT INTO MembreStaff(id, idEquipe, nom, prenom, fonction, dateNaissance, lieuNaissance)
VALUES
(
32, 'WRDBK', 'AIT-SEDDIK', 'TAHAR', 'ENTRAÎNEUR PRINCIPAL', '1954-04-12', 'FRIHA'
);

/* INSERT QUERY NO: 33 */
INSERT INTO MembreStaff(id, idEquipe, nom, prenom, fonction, dateNaissance, lieuNaissance)
VALUES
(
33, 'WRDBK', 'LAZEGHED ', 'FATEH', 'ENTRAÎNEUR PRINCIPAL', '1986-03-17', 'CASBAH'
);

/* INSERT QUERY NO: 34 */
INSERT INTO MembreStaff(id, idEquipe, nom, prenom, fonction, dateNaissance, lieuNaissance)
VALUES
(
34, 'CMBK', 'CHERIF', 'ABDESLAM MOHAND', 'ENTRAÎNEUR PRINCIPAL', '1995-09-20', 'AIN EL HAMMAM'
);

/* INSERT QUERY NO: 35 */
INSERT INTO MembreStaff(id, idEquipe, nom, prenom, fonction, dateNaissance, lieuNaissance)
VALUES
(
35, 'CMBK', 'NEBBOU ', 'BILLEL', 'ENTRAÎNEUR PRINCIPAL', '1995-06-28', 'HUSSEIN-DEY'
);

/* INSERT QUERY NO: 36 */
INSERT INTO MembreStaff(id, idEquipe, nom, prenom, fonction, dateNaissance, lieuNaissance)
VALUES
(
36, 'CMBK', 'ALIOUA ', 'RÈDA', 'ENTRAÎNEUR PRINCIPAL', '1978-03-12', 'BORDJ EL KIFFANE'
);

/* INSERT QUERY NO: 37 */
INSERT INTO MembreStaff(id, idEquipe, nom, prenom, fonction, dateNaissance, lieuNaissance)
VALUES
(
37, 'CMBK', 'DJEBROUNI ', 'MOHAMED', 'ENTRAÎNEUR PRINCIPAL', '1971-04-26', 'BORDJ EL KIFFANE'
);

/* INSERT QUERY NO: 38 */
INSERT INTO MembreStaff(id, idEquipe, nom, prenom, fonction, dateNaissance, lieuNaissance)
VALUES
(
38, 'CRBH', 'BENKERROUCHE ', 'MOHAMMED', 'D.T.S', '1962-08-19', 'OULED MOUSSA'
);

/* INSERT QUERY NO: 39 */
INSERT INTO MembreStaff(id, idEquipe, nom, prenom, fonction, dateNaissance, lieuNaissance)
VALUES
(
39, 'CRBH', 'MANSEUR ', 'HAMID', 'ENTRAÎNEUR PRINCIPAL', '1955-06-02', 'ROUIBA'
);

/* INSERT QUERY NO: 40 */
INSERT INTO MembreStaff(id, idEquipe, nom, prenom, fonction, dateNaissance, lieuNaissance)
VALUES
(
40, 'CRBH', 'SAHRAOUI ', 'MOHAMED HOCINE', 'ENTRAÎNEUR PRINCIPAL', '1991-02-17', 'AIN TAYA'
);

/* INSERT QUERY NO: 41 */
INSERT INTO MembreStaff(id, idEquipe, nom, prenom, fonction, dateNaissance, lieuNaissance)
VALUES
(
41, 'CRBH', 'CHERGUI', 'ABDELHAK', 'ENTRAÎNEUR PRINCIPAL', '1992-02-21', 'REGHAIA'
);

/* INSERT QUERY NO: 42 */
INSERT INTO MembreStaff(id, idEquipe, nom, prenom, fonction, dateNaissance, lieuNaissance)
VALUES
(
42, 'CRH', 'CHEBTA ', 'AMMAR', 'ENTRAÎNEUR PRINCIPAL', '1994-03-10', 'FARDJIOUA'
);

/* INSERT QUERY NO: 43 */
INSERT INTO MembreStaff(id, idEquipe, nom, prenom, fonction, dateNaissance, lieuNaissance)
VALUES
(
43, 'CRH', 'OUAAD ', 'ALI', 'ENTRAÎNEUR PRINCIPAL', '1960-01-21', 'BORDJ MENAIEL'
);

/* INSERT QUERY NO: 44 */
INSERT INTO MembreStaff(id, idEquipe, nom, prenom, fonction, dateNaissance, lieuNaissance)
VALUES
(
44, 'CRH', 'ALI ', 'NASSIM', 'ENTRAÎNEUR PRINCIPAL', '1981-11-08', 'AIN TAYA'
);

/* INSERT QUERY NO: 45 */
INSERT INTO MembreStaff(id, idEquipe, nom, prenom, fonction, dateNaissance, lieuNaissance)
VALUES
(
45, 'CRH', 'RAI ', 'BELKACEM', 'D.T.S', '1959-01-01', 'JEWAB-MÉDÉA'
);

/* INSERT QUERY NO: 46 */
INSERT INTO MembreStaff(id, idEquipe, nom, prenom, fonction, dateNaissance, lieuNaissance)
VALUES
(
46, 'IRBAT', 'MEDJADBA ', 'SALAH', 'ENTRAÎNEUR PRINCIPAL', '1988-07-20', 'BNI AZIZE-SÉTIF'
);

/* INSERT QUERY NO: 47 */
INSERT INTO MembreStaff(id, idEquipe, nom, prenom, fonction, dateNaissance, lieuNaissance)
VALUES
(
47, 'IRBAT', 'MALKI ', 'HOCINE', 'ENTRAÎNEUR PRINCIPAL', '1967-04-25', 'AIN TAYA'
);
/* INSERT QUERY NO: 1 */
INSERT INTO MembreBureauLigue(id, idWilaya, nom, prenom, fonction, dateNaissance, lieuNaissance)
VALUES
(
1, 16, 'OULD AMMAR ', 'DJAMIL', 'PRESIDENT', '1961-12-26', 'ALGER'
);
/* INSERT QUERY NO: 1 */
INSERT INTO Matche(id, idEquipe1, idEquipe2, butEquipe1, butEquipe2, idStade, idArbitre, date, idSaison, numJournee)
VALUES
(
1, 'ESMBR', 'CRH', 1, 2, 1, 1, '2022-01-08', '2021/2022', 1
);

/* INSERT QUERY NO: 2 */
INSERT INTO Matche(id, idEquipe1, idEquipe2, butEquipe1, butEquipe2, idStade, idArbitre, date, idSaison, numJournee)
VALUES
(
2, 'CRS', 'ESMBR', 0, 6, 7, 2, '2022-01-14', '2021/2022', 2
);

/* INSERT QUERY NO: 3 */
INSERT INTO Matche(id, idEquipe1, idEquipe2, butEquipe1, butEquipe2, idStade, idArbitre, date, idSaison, numJournee)
VALUES
(
3, 'ESMBR', 'WRDBK', 2, 1, 1, 3, '2022-01-21', '2021/2022', 3
);

/* INSERT QUERY NO: 4 */
INSERT INTO Matche(id, idEquipe1, idEquipe2, butEquipe1, butEquipe2, idStade, idArbitre, date, idSaison, numJournee)
VALUES
(
4, 'ESMBR', 'IRBAT', 1, 1, 2, 4, '2022-02-05', '2021/2022', 4
);

/* INSERT QUERY NO: 5 */
INSERT INTO Matche(id, idEquipe1, idEquipe2, butEquipe1, butEquipe2, idStade, idArbitre, date, idSaison, numJournee)
VALUES
(
5, 'JSBB', 'ESMBR', 0, 2, 6, 5, '2022-02-11', '2021/2022', 5
);

/* INSERT QUERY NO: 6 */
INSERT INTO Matche(id, idEquipe1, idEquipe2, butEquipe1, butEquipe2, idStade, idArbitre, date, idSaison, numJournee)
VALUES
(
6, 'ESMBR', 'JSMR', 1, 0, 2, 1, '2022-02-19', '2021/2022', 6
);

/* INSERT QUERY NO: 7 */
INSERT INTO Matche(id, idEquipe1, idEquipe2, butEquipe1, butEquipe2, idStade, idArbitre, date, idSaison, numJournee)
VALUES
(
7, 'JSOMA', 'ESMBR', 0, 2, 10, 6, '2022-02-26', '2021/2022', 7
);

/* INSERT QUERY NO: 8 */
INSERT INTO Matche(id, idEquipe1, idEquipe2, butEquipe1, butEquipe2, idStade, idArbitre, date, idSaison, numJournee)
VALUES
(
8, 'ESMBR', 'AASR', 1, 1, 1, 7, '2022-03-04', '2021/2022', 8
);

/* INSERT QUERY NO: 9 */
INSERT INTO Matche(id, idEquipe1, idEquipe2, butEquipe1, butEquipe2, idStade, idArbitre, date, idSaison, numJournee)
VALUES
(
9, 'CMBK', 'ESMBR', 0, 3, 10, 8, '2022-03-12', '2021/2022', 9
);

/* INSERT QUERY NO: 10 */
INSERT INTO Matche(id, idEquipe1, idEquipe2, butEquipe1, butEquipe2, idStade, idArbitre, date, idSaison, numJournee)
VALUES
(
10, 'ESMBR', 'CRBH', 1, 0, 2, 9, '2022-03-15', '2021/2022', 10
);

/* INSERT QUERY NO: 11 */
INSERT INTO Matche(id, idEquipe1, idEquipe2, butEquipe1, butEquipe2, idStade, idArbitre, date, idSaison, numJournee)
VALUES
(
11, 'CRD', 'ESMBR', 1, 0, 10, 10, '2022-03-19', '2021/2022', 11
);

/* INSERT QUERY NO: 12 */
INSERT INTO Matche(id, idEquipe1, idEquipe2, butEquipe1, butEquipe2, idStade, idArbitre, date, idSaison, numJournee)
VALUES
(
12, 'CRH', 'ESMBR', 0, 2, 10, 11, '2022-04-01', '2021/2022', 12
);

/* INSERT QUERY NO: 13 */
INSERT INTO Matche(id, idEquipe1, idEquipe2, butEquipe1, butEquipe2, idStade, idArbitre, date, idSaison, numJournee)
VALUES
(
13, 'ESMBR', 'CRS', 11, 0, 1, 12, '2022-04-07', '2021/2022', 13
);

/* INSERT QUERY NO: 14 */
INSERT INTO Matche(id, idEquipe1, idEquipe2, butEquipe1, butEquipe2, idStade, idArbitre, date, idSaison, numJournee)
VALUES
(
14, 'WRDBK', 'ESMBR', 0, 2, 10, 13, '2022-04-14', '2021/2022', 14
);

/* INSERT QUERY NO: 15 */
INSERT INTO Matche(id, idEquipe1, idEquipe2, butEquipe1, butEquipe2, idStade, idArbitre, date, idSaison, numJournee)
VALUES
(
15, 'IRBAT', 'ESMBR', 0, 2, 11, 14, '2022-04-21', '2021/2022', 15
);

/* INSERT QUERY NO: 16 */
INSERT INTO Matche(id, idEquipe1, idEquipe2, butEquipe1, butEquipe2, idStade, idArbitre, date, idSaison, numJournee)
VALUES
(
16, 'ESMBR', 'JSBB', 2, 1, 2, 15, '2022-04-29', '2021/2022', 16
);

/* INSERT QUERY NO: 17 */
INSERT INTO Matche(id, idEquipe1, idEquipe2, butEquipe1, butEquipe2, idStade, idArbitre, date, idSaison, numJournee)
VALUES
(
17, 'JSMR', 'ESMBR', 0, 0, 10, 2, '2022-05-07', '2021/2022', 17
);

/* INSERT QUERY NO: 18 */
INSERT INTO Matche(id, idEquipe1, idEquipe2, butEquipe1, butEquipe2, idStade, idArbitre, date, idSaison, numJournee)
VALUES
(
18, 'ESMBR', 'JSOMA', 1, 0, 1, 11, '2022-05-13', '2021/2022', 18
);

/* INSERT QUERY NO: 19 */
INSERT INTO Matche(id, idEquipe1, idEquipe2, butEquipe1, butEquipe2, idStade, idArbitre, date, idSaison, numJournee)
VALUES
(
19, 'AASR', 'ESMBR', 1, 4, 2, 17, '2022-05-20', '2021/2022', 19
);

/* INSERT QUERY NO: 20 */
INSERT INTO Matche(id, idEquipe1, idEquipe2, butEquipe1, butEquipe2, idStade, idArbitre, date, idSaison, numJournee)
VALUES
(
20, 'ESMBR', 'CMBK', 3, 0, 1, 14, '2022-05-24', '2021/2022', 20
);

/* INSERT QUERY NO: 21 */
INSERT INTO Matche(id, idEquipe1, idEquipe2, butEquipe1, butEquipe2, idStade, idArbitre, date, idSaison, numJournee)
VALUES
(
21, 'CRBH', 'ESMBR', 0, 2, 11, 18, '2022-05-28', '2021/2022', 21
);

/* INSERT QUERY NO: 22 */
INSERT INTO Matche(id, idEquipe1, idEquipe2, butEquipe1, butEquipe2, idStade, idArbitre, date, idSaison, numJournee)
VALUES
(
22, 'ESMBR', 'CRD', 2, 3, 1, 7, '2022-06-03', '2021/2022', 22
);

/* INSERT QUERY NO: 23 */
INSERT INTO Matche(id, idEquipe1, idEquipe2, butEquipe1, butEquipe2, idStade, idArbitre, date, idSaison, numJournee)
VALUES
(
23, 'JSOMA', 'AASR', 0, 2, 10, 1, '2022-01-08', '2021/2022', 1
);

/* INSERT QUERY NO: 24 */
INSERT INTO Matche(id, idEquipe1, idEquipe2, butEquipe1, butEquipe2, idStade, idArbitre, date, idSaison, numJournee)
VALUES
(
24, 'IRBAT', 'CRD', 2, 2, 11, 2, '2022-01-08', '2021/2022', 1
);

/* INSERT QUERY NO: 25 */
INSERT INTO Matche(id, idEquipe1, idEquipe2, butEquipe1, butEquipe2, idStade, idArbitre, date, idSaison, numJournee)
VALUES
(
25, 'JSBB', 'CRBH', 0, 2, 6, 3, '2022-01-08', '2021/2022', 1
);

/* INSERT QUERY NO: 26 */
INSERT INTO Matche(id, idEquipe1, idEquipe2, butEquipe1, butEquipe2, idStade, idArbitre, date, idSaison, numJournee)
VALUES
(
26, 'JSMR', 'CMBK', 5, 0, 10, 4, '2022-01-08', '2021/2022', 1
);

/* INSERT QUERY NO: 27 */
INSERT INTO Matche(id, idEquipe1, idEquipe2, butEquipe1, butEquipe2, idStade, idArbitre, date, idSaison, numJournee)
VALUES
(
27, 'CRS', 'WRDBK', 2, 0, 7, 5, '2022-01-08', '2021/2022', 1
);

/* INSERT QUERY NO: 28 */
INSERT INTO Matche(id, idEquipe1, idEquipe2, butEquipe1, butEquipe2, idStade, idArbitre, date, idSaison, numJournee)
VALUES
(
28, 'CMBK', 'JSOMA', 2, 4, 10, 1, '2022-01-14', '2021/2022', 2
);

/* INSERT QUERY NO: 29 */
INSERT INTO Matche(id, idEquipe1, idEquipe2, butEquipe1, butEquipe2, idStade, idArbitre, date, idSaison, numJournee)
VALUES
(
29, 'CRD', 'JSBB', 2, 2, 6, 6, '2022-01-14', '2021/2022', 2
);

/* INSERT QUERY NO: 30 */
INSERT INTO Matche(id, idEquipe1, idEquipe2, butEquipe1, butEquipe2, idStade, idArbitre, date, idSaison, numJournee)
VALUES
(
30, 'IRBAT', 'CRH', 1, 3, 10, 7, '2022-01-14', '2021/2022', 2
);

/* INSERT QUERY NO: 31 */
INSERT INTO Matche(id, idEquipe1, idEquipe2, butEquipe1, butEquipe2, idStade, idArbitre, date, idSaison, numJournee)
VALUES
(
31, 'CRBH', 'JSMR', 3, 1, 11, 8, '2022-01-14', '2021/2022', 2
);

/* INSERT QUERY NO: 32 */
INSERT INTO Matche(id, idEquipe1, idEquipe2, butEquipe1, butEquipe2, idStade, idArbitre, date, idSaison, numJournee)
VALUES
(
32, 'WRDBK', 'AASR', 1, 2, 8, 9, '2022-01-14', '2021/2022', 2
);

/* INSERT QUERY NO: 33 */
INSERT INTO Matche(id, idEquipe1, idEquipe2, butEquipe1, butEquipe2, idStade, idArbitre, date, idSaison, numJournee)
VALUES
(
33, 'JSOMA', 'CRBH', 2, 0, 10, 10, '2022-01-21', '2021/2022', 3
);

/* INSERT QUERY NO: 34 */
INSERT INTO Matche(id, idEquipe1, idEquipe2, butEquipe1, butEquipe2, idStade, idArbitre, date, idSaison, numJournee)
VALUES
(
34, 'JSMR', 'CRD', 0, 3, 6, 11, '2022-01-21', '2021/2022', 3
);

/* INSERT QUERY NO: 35 */
INSERT INTO Matche(id, idEquipe1, idEquipe2, butEquipe1, butEquipe2, idStade, idArbitre, date, idSaison, numJournee)
VALUES
(
35, 'AASR', 'CMBK', 3, 2, 1, 12, '2022-01-21', '2021/2022', 3
);

/* INSERT QUERY NO: 36 */
INSERT INTO Matche(id, idEquipe1, idEquipe2, butEquipe1, butEquipe2, idStade, idArbitre, date, idSaison, numJournee)
VALUES
(
36, 'JSBB', 'CRH', 2, 0, 6, 13, '2022-01-21', '2021/2022', 3
);

/* INSERT QUERY NO: 37 */
INSERT INTO Matche(id, idEquipe1, idEquipe2, butEquipe1, butEquipe2, idStade, idArbitre, date, idSaison, numJournee)
VALUES
(
37, 'IRBAT', 'CRS', 1, 0, 11, 14, '2022-01-21', '2021/2022', 3
);

/* INSERT QUERY NO: 38 */
INSERT INTO Matche(id, idEquipe1, idEquipe2, butEquipe1, butEquipe2, idStade, idArbitre, date, idSaison, numJournee)
VALUES
(
38, 'CRD', 'JSOMA', 1, 2, 10, 15, '2022-02-05', '2021/2022', 4
);

/* INSERT QUERY NO: 39 */
INSERT INTO Matche(id, idEquipe1, idEquipe2, butEquipe1, butEquipe2, idStade, idArbitre, date, idSaison, numJournee)
VALUES
(
39, 'WRDBK', 'CMBK', 3, 2, 8, 2, '2022-02-05', '2021/2022', 4
);

/* INSERT QUERY NO: 40 */
INSERT INTO Matche(id, idEquipe1, idEquipe2, butEquipe1, butEquipe2, idStade, idArbitre, date, idSaison, numJournee)
VALUES
(
40, 'CRH', 'JSMR', 1, 4, 10, 11, '2022-02-05', '2021/2022', 4
);

/* INSERT QUERY NO: 41 */
INSERT INTO Matche(id, idEquipe1, idEquipe2, butEquipe1, butEquipe2, idStade, idArbitre, date, idSaison, numJournee)
VALUES
(
41, 'CRS', 'JSBB', 1, 3, 7, 17, '2022-02-05', '2021/2022', 4
);

/* INSERT QUERY NO: 42 */
INSERT INTO Matche(id, idEquipe1, idEquipe2, butEquipe1, butEquipe2, idStade, idArbitre, date, idSaison, numJournee)
VALUES
(
42, 'CRBH', 'AASR', 0, 2, 11, 14, '2022-02-05', '2021/2022', 4
);

/* INSERT QUERY NO: 43 */
INSERT INTO Matche(id, idEquipe1, idEquipe2, butEquipe1, butEquipe2, idStade, idArbitre, date, idSaison, numJournee)
VALUES
(
43, 'JSOMA', 'CRH', 2, 1, 10, 18, '2022-02-11', '2021/2022', 5
);

/* INSERT QUERY NO: 44 */
INSERT INTO Matche(id, idEquipe1, idEquipe2, butEquipe1, butEquipe2, idStade, idArbitre, date, idSaison, numJournee)
VALUES
(
44, 'IRBAT', 'WRDBK', 1, 0, 11, 7, '2022-02-11', '2021/2022', 5
);

/* INSERT QUERY NO: 45 */
INSERT INTO Matche(id, idEquipe1, idEquipe2, butEquipe1, butEquipe2, idStade, idArbitre, date, idSaison, numJournee)
VALUES
(
45, 'CMBK', 'CRBH', 1, 0, 8, 1, '2022-02-11', '2021/2022', 5
);

/* INSERT QUERY NO: 46 */
INSERT INTO Matche(id, idEquipe1, idEquipe2, butEquipe1, butEquipe2, idStade, idArbitre, date, idSaison, numJournee)
VALUES
(
46, 'AASR', 'CRD', 2, 2, 2, 2, '2022-02-11', '2021/2022', 5
);

/* INSERT QUERY NO: 47 */
INSERT INTO Matche(id, idEquipe1, idEquipe2, butEquipe1, butEquipe2, idStade, idArbitre, date, idSaison, numJournee)
VALUES
(
47, 'JSMR', 'CRS', 8, 0, 10, 3, '2022-02-11', '2021/2022', 5
);

/* INSERT QUERY NO: 48 */
INSERT INTO Matche(id, idEquipe1, idEquipe2, butEquipe1, butEquipe2, idStade, idArbitre, date, idSaison, numJournee)
VALUES
(
48, 'CRS', 'JSOMA', 2, 6, 7, 4, '2022-02-19', '2021/2022', 6
);

/* INSERT QUERY NO: 49 */
INSERT INTO Matche(id, idEquipe1, idEquipe2, butEquipe1, butEquipe2, idStade, idArbitre, date, idSaison, numJournee)
VALUES
(
49, 'IRBAT', 'JSBB', 1, 2, 11, 5, '2022-02-19', '2021/2022', 6
);

/* INSERT QUERY NO: 50 */
INSERT INTO Matche(id, idEquipe1, idEquipe2, butEquipe1, butEquipe2, idStade, idArbitre, date, idSaison, numJournee)
VALUES
(
50, 'CRH', 'AASR', 0, 0, 10, 1, '2022-02-19', '2021/2022', 6
);

/* INSERT QUERY NO: 51 */
INSERT INTO Matche(id, idEquipe1, idEquipe2, butEquipe1, butEquipe2, idStade, idArbitre, date, idSaison, numJournee)
VALUES
(
51, 'CRD', 'CMBK', 3, 0, 10, 6, '2022-02-19', '2021/2022', 6
);

/* INSERT QUERY NO: 52 */
INSERT INTO Matche(id, idEquipe1, idEquipe2, butEquipe1, butEquipe2, idStade, idArbitre, date, idSaison, numJournee)
VALUES
(
52, 'WRDBK', 'CRBH', 0, 0, 10, 7, '2022-02-19', '2021/2022', 6
);

/* INSERT QUERY NO: 53 */
INSERT INTO Matche(id, idEquipe1, idEquipe2, butEquipe1, butEquipe2, idStade, idArbitre, date, idSaison, numJournee)
VALUES
(
53, 'JSBB', 'WRDBK', 2, 1, 6, 8, '2022-02-26', '2021/2022', 7
);

/* INSERT QUERY NO: 54 */
INSERT INTO Matche(id, idEquipe1, idEquipe2, butEquipe1, butEquipe2, idStade, idArbitre, date, idSaison, numJournee)
VALUES
(
54, 'CMBK', 'CRH', 1, 1, 10, 9, '2022-02-26', '2021/2022', 7
);

/* INSERT QUERY NO: 55 */
INSERT INTO Matche(id, idEquipe1, idEquipe2, butEquipe1, butEquipe2, idStade, idArbitre, date, idSaison, numJournee)
VALUES
(
55, 'AASR', 'CRS', 10, 0, 2, 10, '2022-02-26', '2021/2022', 7
);

/* INSERT QUERY NO: 56 */
INSERT INTO Matche(id, idEquipe1, idEquipe2, butEquipe1, butEquipe2, idStade, idArbitre, date, idSaison, numJournee)
VALUES
(
56, 'CRBH', 'CRD', 0, 1, 11, 11, '2022-02-26', '2021/2022', 7
);

/* INSERT QUERY NO: 57 */
INSERT INTO Matche(id, idEquipe1, idEquipe2, butEquipe1, butEquipe2, idStade, idArbitre, date, idSaison, numJournee)
VALUES
(
57, 'IRBAT', 'JSMR', 1, 0, 11, 12, '2022-02-26', '2021/2022', 7
);

/* INSERT QUERY NO: 58 */
INSERT INTO Matche(id, idEquipe1, idEquipe2, butEquipe1, butEquipe2, idStade, idArbitre, date, idSaison, numJournee)
VALUES
(
58, 'IRBAT', 'JSOMA', 1, 2, 11, 13, '2022-03-04', '2021/2022', 8
);

/* INSERT QUERY NO: 59 */
INSERT INTO Matche(id, idEquipe1, idEquipe2, butEquipe1, butEquipe2, idStade, idArbitre, date, idSaison, numJournee)
VALUES
(
59, 'WRDBK', 'CRD', 2, 2, 10, 14, '2022-03-04', '2021/2022', 8
);

/* INSERT QUERY NO: 60 */
INSERT INTO Matche(id, idEquipe1, idEquipe2, butEquipe1, butEquipe2, idStade, idArbitre, date, idSaison, numJournee)
VALUES
(
60, 'JSBB', 'JSMR', 1, 2, 6, 15, '2022-03-04', '2021/2022', 8
);

/* INSERT QUERY NO: 61 */
INSERT INTO Matche(id, idEquipe1, idEquipe2, butEquipe1, butEquipe2, idStade, idArbitre, date, idSaison, numJournee)
VALUES
(
61, 'CRH', 'CRBH', 0, 0, 10, 2, '2022-03-04', '2021/2022', 8
);

/* INSERT QUERY NO: 62 */
INSERT INTO Matche(id, idEquipe1, idEquipe2, butEquipe1, butEquipe2, idStade, idArbitre, date, idSaison, numJournee)
VALUES
(
62, 'CRS', 'CMBK', 1, 1, 7, 11, '2022-03-04', '2021/2022', 8
);

/* INSERT QUERY NO: 63 */
INSERT INTO Matche(id, idEquipe1, idEquipe2, butEquipe1, butEquipe2, idStade, idArbitre, date, idSaison, numJournee)
VALUES
(
63, 'JSOMA', 'JSBB', 3, 1, 10, 17, '2022-03-12', '2021/2022', 9
);

/* INSERT QUERY NO: 64 */
INSERT INTO Matche(id, idEquipe1, idEquipe2, butEquipe1, butEquipe2, idStade, idArbitre, date, idSaison, numJournee)
VALUES
(
64, 'CRD', 'CRH', 2, 0, 10, 14, '2022-03-12', '2021/2022', 9
);

/* INSERT QUERY NO: 65 */
INSERT INTO Matche(id, idEquipe1, idEquipe2, butEquipe1, butEquipe2, idStade, idArbitre, date, idSaison, numJournee)
VALUES
(
65, 'JSMR', 'WRDBK', 2, 2, 10, 18, '2022-03-12', '2021/2022', 9
);

/* INSERT QUERY NO: 66 */
INSERT INTO Matche(id, idEquipe1, idEquipe2, butEquipe1, butEquipe2, idStade, idArbitre, date, idSaison, numJournee)
VALUES
(
66, 'AASR', 'IRBAT', 1, 1, 1, 7, '2022-03-12', '2021/2022', 9
);

/* INSERT QUERY NO: 67 */
INSERT INTO Matche(id, idEquipe1, idEquipe2, butEquipe1, butEquipe2, idStade, idArbitre, date, idSaison, numJournee)
VALUES
(
67, 'CRBH', 'CRS', 3, 1, 11, 1, '2022-03-12', '2021/2022', 9
);

/* INSERT QUERY NO: 68 */
INSERT INTO Matche(id, idEquipe1, idEquipe2, butEquipe1, butEquipe2, idStade, idArbitre, date, idSaison, numJournee)
VALUES
(
68, 'JSMR', 'JSOMA', 0, 0, 10, 2, '2022-03-15', '2021/2022', 10
);

/* INSERT QUERY NO: 69 */
INSERT INTO Matche(id, idEquipe1, idEquipe2, butEquipe1, butEquipe2, idStade, idArbitre, date, idSaison, numJournee)
VALUES
(
69, 'AASR', 'JSBB', 3, 1, 6, 3, '2022-03-15', '2021/2022', 10
);

/* INSERT QUERY NO: 70 */
INSERT INTO Matche(id, idEquipe1, idEquipe2, butEquipe1, butEquipe2, idStade, idArbitre, date, idSaison, numJournee)
VALUES
(
70, 'CRS', 'CRD', 1, 2, 7, 4, '2022-03-15', '2021/2022', 10
);

/* INSERT QUERY NO: 71 */
INSERT INTO Matche(id, idEquipe1, idEquipe2, butEquipe1, butEquipe2, idStade, idArbitre, date, idSaison, numJournee)
VALUES
(
71, 'WRDBK', 'CRH', 0, 4, 10, 5, '2022-03-15', '2021/2022', 10
);

/* INSERT QUERY NO: 72 */
INSERT INTO Matche(id, idEquipe1, idEquipe2, butEquipe1, butEquipe2, idStade, idArbitre, date, idSaison, numJournee)
VALUES
(
72, 'IRBAT', 'CMBK', 3, 1, 5, 10, '2022-03-15', '2021/2022', 10
);

/* INSERT QUERY NO: 73 */
INSERT INTO Matche(id, idEquipe1, idEquipe2, butEquipe1, butEquipe2, idStade, idArbitre, date, idSaison, numJournee)
VALUES
(
73, 'JSOMA', 'WRDBK', 1, 0, 10, 6, '2022-03-19', '2021/2022', 11
);

/* INSERT QUERY NO: 74 */
INSERT INTO Matche(id, idEquipe1, idEquipe2, butEquipe1, butEquipe2, idStade, idArbitre, date, idSaison, numJournee)
VALUES
(
74, 'CMBK', 'JSBB', 0, 1, 10, 7, '2022-03-19', '2021/2022', 11
);

/* INSERT QUERY NO: 75 */
INSERT INTO Matche(id, idEquipe1, idEquipe2, butEquipe1, butEquipe2, idStade, idArbitre, date, idSaison, numJournee)
VALUES
(
75, 'CRH', 'CRS', 1, 1, 10, 8, '2022-03-19', '2021/2022', 11
);

/* INSERT QUERY NO: 76 */
INSERT INTO Matche(id, idEquipe1, idEquipe2, butEquipe1, butEquipe2, idStade, idArbitre, date, idSaison, numJournee)
VALUES
(
76, 'AASR', 'JSMR', 0, 0, 2, 9, '2022-03-19', '2021/2022', 11
);

/* INSERT QUERY NO: 77 */
INSERT INTO Matche(id, idEquipe1, idEquipe2, butEquipe1, butEquipe2, idStade, idArbitre, date, idSaison, numJournee)
VALUES
(
77, 'CRBH', 'IRBAT', 3, 1, 11, 10, '2022-03-19', '2021/2022', 11
);

/* INSERT QUERY NO: 78 */
INSERT INTO Matche(id, idEquipe1, idEquipe2, butEquipe1, butEquipe2, idStade, idArbitre, date, idSaison, numJournee)
VALUES
(
78, 'AASR', 'JSOMA', 3, 1, 1, 11, '2022-04-01', '2021/2022', 12
);

/* INSERT QUERY NO: 79 */
INSERT INTO Matche(id, idEquipe1, idEquipe2, butEquipe1, butEquipe2, idStade, idArbitre, date, idSaison, numJournee)
VALUES
(
79, 'CRD', 'IRBAT', 1, 0, 10, 12, '2022-04-01', '2021/2022', 12
);

/* INSERT QUERY NO: 80 */
INSERT INTO Matche(id, idEquipe1, idEquipe2, butEquipe1, butEquipe2, idStade, idArbitre, date, idSaison, numJournee)
VALUES
(
80, 'CRBH', 'JSBB', 1, 4, 11, 13, '2022-04-01', '2021/2022', 12
);

/* INSERT QUERY NO: 81 */
INSERT INTO Matche(id, idEquipe1, idEquipe2, butEquipe1, butEquipe2, idStade, idArbitre, date, idSaison, numJournee)
VALUES
(
81, 'CMBK', 'JSMR', 0, 0, 10, 14, '2022-04-01', '2021/2022', 12
);

/* INSERT QUERY NO: 82 */
INSERT INTO Matche(id, idEquipe1, idEquipe2, butEquipe1, butEquipe2, idStade, idArbitre, date, idSaison, numJournee)
VALUES
(
82, 'WRDBK', 'CRS', 3, 1, 10, 15, '2022-04-01', '2021/2022', 12
);

/* INSERT QUERY NO: 83 */
INSERT INTO Matche(id, idEquipe1, idEquipe2, butEquipe1, butEquipe2, idStade, idArbitre, date, idSaison, numJournee)
VALUES
(
83, 'JSOMA', 'CMBK', 2, 1, 10, 2, '2022-04-07', '2021/2022', 13
);

/* INSERT QUERY NO: 84 */
INSERT INTO Matche(id, idEquipe1, idEquipe2, butEquipe1, butEquipe2, idStade, idArbitre, date, idSaison, numJournee)
VALUES
(
84, 'JSBB', 'CRD', 1, 1, 6, 11, '2022-04-07', '2021/2022', 13
);

/* INSERT QUERY NO: 85 */
INSERT INTO Matche(id, idEquipe1, idEquipe2, butEquipe1, butEquipe2, idStade, idArbitre, date, idSaison, numJournee)
VALUES
(
85, 'CRH', 'IRBAT', 0, 2, 10, 17, '2022-04-07', '2021/2022', 13
);

/* INSERT QUERY NO: 86 */
INSERT INTO Matche(id, idEquipe1, idEquipe2, butEquipe1, butEquipe2, idStade, idArbitre, date, idSaison, numJournee)
VALUES
(
86, 'JSMR', 'CRBH', 3, 0, 10, 14, '2022-04-07', '2021/2022', 13
);

/* INSERT QUERY NO: 87 */
INSERT INTO Matche(id, idEquipe1, idEquipe2, butEquipe1, butEquipe2, idStade, idArbitre, date, idSaison, numJournee)
VALUES
(
87, 'AASR', 'WRDBK', 2, 1, 2, 18, '2022-04-07', '2021/2022', 13
);

/* INSERT QUERY NO: 88 */
INSERT INTO Matche(id, idEquipe1, idEquipe2, butEquipe1, butEquipe2, idStade, idArbitre, date, idSaison, numJournee)
VALUES
(
88, 'CRBH', 'JSOMA', 0, 1, 11, 7, '2022-04-14', '2021/2022', 14
);

/* INSERT QUERY NO: 89 */
INSERT INTO Matche(id, idEquipe1, idEquipe2, butEquipe1, butEquipe2, idStade, idArbitre, date, idSaison, numJournee)
VALUES
(
89, 'CRD', 'JSMR', 2, 3, 10, 7, '2022-04-14', '2021/2022', 14
);

/* INSERT QUERY NO: 90 */
INSERT INTO Matche(id, idEquipe1, idEquipe2, butEquipe1, butEquipe2, idStade, idArbitre, date, idSaison, numJournee)
VALUES
(
90, 'CMBK', 'AASR', 2, 1, 10, 17, '2022-04-14', '2021/2022', 14
);

/* INSERT QUERY NO: 91 */
INSERT INTO Matche(id, idEquipe1, idEquipe2, butEquipe1, butEquipe2, idStade, idArbitre, date, idSaison, numJournee)
VALUES
(
91, 'CRH', 'JSBB', 2, 1, 10, 14, '2022-04-14', '2021/2022', 14
);

/* INSERT QUERY NO: 92 */
INSERT INTO Matche(id, idEquipe1, idEquipe2, butEquipe1, butEquipe2, idStade, idArbitre, date, idSaison, numJournee)
VALUES
(
92, 'CRS', 'IRBAT', 0, 3, 7, 18, '2022-04-14', '2021/2022', 14
);

/* INSERT QUERY NO: 93 */
INSERT INTO Matche(id, idEquipe1, idEquipe2, butEquipe1, butEquipe2, idStade, idArbitre, date, idSaison, numJournee)
VALUES
(
93, 'JSOMA', 'CRD', 1, 0, 10, 7, '2022-04-21', '2021/2022', 15
);

/* INSERT QUERY NO: 94 */
INSERT INTO Matche(id, idEquipe1, idEquipe2, butEquipe1, butEquipe2, idStade, idArbitre, date, idSaison, numJournee)
VALUES
(
94, 'CMBK', 'WRDBK', 1, 0, 10, 31, '2022-04-21', '2021/2022', 15
);

/* INSERT QUERY NO: 95 */
INSERT INTO Matche(id, idEquipe1, idEquipe2, butEquipe1, butEquipe2, idStade, idArbitre, date, idSaison, numJournee)
VALUES
(
95, 'JSMR', 'CRH', 3, 1, 10, 32, '2022-04-21', '2021/2022', 15
);

/* INSERT QUERY NO: 96 */
INSERT INTO Matche(id, idEquipe1, idEquipe2, butEquipe1, butEquipe2, idStade, idArbitre, date, idSaison, numJournee)
VALUES
(
96, 'JSBB', 'CRS', 3, 0, 6, 33, '2022-04-21', '2021/2022', 15
);

/* INSERT QUERY NO: 97 */
INSERT INTO Matche(id, idEquipe1, idEquipe2, butEquipe1, butEquipe2, idStade, idArbitre, date, idSaison, numJournee)
VALUES
(
97, 'AASR', 'CRBH', 3, 2, 1, 34, '2022-04-21', '2021/2022', 15
);

/* INSERT QUERY NO: 98 */
INSERT INTO Matche(id, idEquipe1, idEquipe2, butEquipe1, butEquipe2, idStade, idArbitre, date, idSaison, numJournee)
VALUES
(
98, 'CRH', 'JSOMA', 1, 2, 10, 35, '2022-04-29', '2021/2022', 16
);

/* INSERT QUERY NO: 99 */
INSERT INTO Matche(id, idEquipe1, idEquipe2, butEquipe1, butEquipe2, idStade, idArbitre, date, idSaison, numJournee)
VALUES
(
99, 'WRDBK', 'IRBAT', 3, 2, 11, 36, '2022-04-29', '2021/2022', 16
);

/* INSERT QUERY NO: 100 */
INSERT INTO Matche(id, idEquipe1, idEquipe2, butEquipe1, butEquipe2, idStade, idArbitre, date, idSaison, numJournee)
VALUES
(
100, 'CRBH', 'CMBK', 2, 1, 10, 37, '2022-04-29', '2021/2022', 16
);

/* INSERT QUERY NO: 101 */
INSERT INTO Matche(id, idEquipe1, idEquipe2, butEquipe1, butEquipe2, idStade, idArbitre, date, idSaison, numJournee)
VALUES
(
101, 'CRD', 'AASR', 3, 0, 10, 3, '2022-04-29', '2021/2022', 16
);

/* INSERT QUERY NO: 102 */
INSERT INTO Matche(id, idEquipe1, idEquipe2, butEquipe1, butEquipe2, idStade, idArbitre, date, idSaison, numJournee)
VALUES
(
102, 'CRS', 'JSMR', 0, 7, 7, 11, '2022-04-29', '2021/2022', 16
);

/* INSERT QUERY NO: 103 */
INSERT INTO Matche(id, idEquipe1, idEquipe2, butEquipe1, butEquipe2, idStade, idArbitre, date, idSaison, numJournee)
VALUES
(
103, 'JSOMA', 'CRS', 5, 0, 10, 9, '2022-05-07', '2021/2022', 17
);

/* INSERT QUERY NO: 104 */
INSERT INTO Matche(id, idEquipe1, idEquipe2, butEquipe1, butEquipe2, idStade, idArbitre, date, idSaison, numJournee)
VALUES
(
104, 'JSBB', 'IRBAT', 2, 2, 1, 10, '2022-05-07', '2021/2022', 17
);

/* INSERT QUERY NO: 105 */
INSERT INTO Matche(id, idEquipe1, idEquipe2, butEquipe1, butEquipe2, idStade, idArbitre, date, idSaison, numJournee)
VALUES
(
105, 'AASR', 'CRH', 2, 1, 2, 11, '2022-05-07', '2021/2022', 17
);

/* INSERT QUERY NO: 106 */
INSERT INTO Matche(id, idEquipe1, idEquipe2, butEquipe1, butEquipe2, idStade, idArbitre, date, idSaison, numJournee)
VALUES
(
106, 'CMBK', 'CRD', 2, 3, 11, 12, '2022-05-07', '2021/2022', 17
);

/* INSERT QUERY NO: 107 */
INSERT INTO Matche(id, idEquipe1, idEquipe2, butEquipe1, butEquipe2, idStade, idArbitre, date, idSaison, numJournee)
VALUES
(
107, 'CRBH', 'WRDBK', 1, 1, 11, 13, '2022-05-07', '2021/2022', 17
);

/* INSERT QUERY NO: 108 */
INSERT INTO Matche(id, idEquipe1, idEquipe2, butEquipe1, butEquipe2, idStade, idArbitre, date, idSaison, numJournee)
VALUES
(
108, 'WRDBK', 'JSBB', 1, 7, 10, 14, '2022-05-13', '2021/2022', 18
);

/* INSERT QUERY NO: 109 */
INSERT INTO Matche(id, idEquipe1, idEquipe2, butEquipe1, butEquipe2, idStade, idArbitre, date, idSaison, numJournee)
VALUES
(
109, 'CRH', 'CMBK', 1, 0, 10, 15, '2022-05-13', '2021/2022', 18
);

/* INSERT QUERY NO: 110 */
INSERT INTO Matche(id, idEquipe1, idEquipe2, butEquipe1, butEquipe2, idStade, idArbitre, date, idSaison, numJournee)
VALUES
(
110, 'CRS', 'AASR', 2, 12, 7, 2, '2022-05-13', '2021/2022', 18
);

/* INSERT QUERY NO: 111 */
INSERT INTO Matche(id, idEquipe1, idEquipe2, butEquipe1, butEquipe2, idStade, idArbitre, date, idSaison, numJournee)
VALUES
(
111, 'CRD', 'CRBH', 1, 0, 10, 11, '2022-05-13', '2021/2022', 18
);

/* INSERT QUERY NO: 112 */
INSERT INTO Matche(id, idEquipe1, idEquipe2, butEquipe1, butEquipe2, idStade, idArbitre, date, idSaison, numJournee)
VALUES
(
112, 'JSMR', 'IRBAT', 2, 3, 11, 17, '2022-05-13', '2021/2022', 18
);

/* INSERT QUERY NO: 113 */
INSERT INTO Matche(id, idEquipe1, idEquipe2, butEquipe1, butEquipe2, idStade, idArbitre, date, idSaison, numJournee)
VALUES
(
113, 'JSOMA', 'IRBAT', 3, 1, 10, 14, '2022-05-20', '2021/2022', 19
);

/* INSERT QUERY NO: 114 */
INSERT INTO Matche(id, idEquipe1, idEquipe2, butEquipe1, butEquipe2, idStade, idArbitre, date, idSaison, numJournee)
VALUES
(
114, 'CRD', 'WRDBK', 6, 3, 8, 18, '2022-05-20', '2021/2022', 19
);

/* INSERT QUERY NO: 115 */
INSERT INTO Matche(id, idEquipe1, idEquipe2, butEquipe1, butEquipe2, idStade, idArbitre, date, idSaison, numJournee)
VALUES
(
115, 'JSMR', 'JSBB', 5, 0, 10, 7, '2022-05-20', '2021/2022', 19
);

/* INSERT QUERY NO: 116 */
INSERT INTO Matche(id, idEquipe1, idEquipe2, butEquipe1, butEquipe2, idStade, idArbitre, date, idSaison, numJournee)
VALUES
(
116, 'CRBH', 'CRH', 2, 0, 11, 15, '2022-05-20', '2021/2022', 19
);

/* INSERT QUERY NO: 117 */
INSERT INTO Matche(id, idEquipe1, idEquipe2, butEquipe1, butEquipe2, idStade, idArbitre, date, idSaison, numJournee)
VALUES
(
117, 'CMBK', 'CRS', 2, 0, 10, 16, '2022-05-20', '2021/2022', 19
);

/* INSERT QUERY NO: 118 */
INSERT INTO Matche(id, idEquipe1, idEquipe2, butEquipe1, butEquipe2, idStade, idArbitre, date, idSaison, numJournee)
VALUES
(
118, 'JSBB', 'JSOMA', 0, 2, 6, 17, '2022-05-24', '2021/2022', 20
);

/* INSERT QUERY NO: 119 */
INSERT INTO Matche(id, idEquipe1, idEquipe2, butEquipe1, butEquipe2, idStade, idArbitre, date, idSaison, numJournee)
VALUES
(
119, 'CRH', 'CRD', 0, 7, 10, 18, '2022-05-24', '2021/2022', 20
);

/* INSERT QUERY NO: 120 */
INSERT INTO Matche(id, idEquipe1, idEquipe2, butEquipe1, butEquipe2, idStade, idArbitre, date, idSaison, numJournee)
VALUES
(
120, 'WRDBK', 'JSMR', 1, 6, 8, 19, '2022-05-24', '2021/2022', 20
);

/* INSERT QUERY NO: 121 */
INSERT INTO Matche(id, idEquipe1, idEquipe2, butEquipe1, butEquipe2, idStade, idArbitre, date, idSaison, numJournee)
VALUES
(
121, 'IRBAT', 'AASR', 0, 6, 11, 20, '2022-05-24', '2021/2022', 20
);

/* INSERT QUERY NO: 122 */
INSERT INTO Matche(id, idEquipe1, idEquipe2, butEquipe1, butEquipe2, idStade, idArbitre, date, idSaison, numJournee)
VALUES
(
122, 'CRS', 'CRBH', 0, 3, 7, 21, '2022-05-24', '2021/2022', 20
);

/* INSERT QUERY NO: 123 */
INSERT INTO Matche(id, idEquipe1, idEquipe2, butEquipe1, butEquipe2, idStade, idArbitre, date, idSaison, numJournee)
VALUES
(
123, 'JSOMA', 'JSMR', 0, 3, 10, 22, '2022-05-28', '2021/2022', 21
);

/* INSERT QUERY NO: 124 */
INSERT INTO Matche(id, idEquipe1, idEquipe2, butEquipe1, butEquipe2, idStade, idArbitre, date, idSaison, numJournee)
VALUES
(
124, 'JSBB', 'AASR', 0, 1, 2, 23, '2022-05-28', '2021/2022', 21
);

/* INSERT QUERY NO: 125 */
INSERT INTO Matche(id, idEquipe1, idEquipe2, butEquipe1, butEquipe2, idStade, idArbitre, date, idSaison, numJournee)
VALUES
(
125, 'CRD', 'CRS', 12, 0, 10, 24, '2022-05-28', '2021/2022', 21
);

/* INSERT QUERY NO: 126 */
INSERT INTO Matche(id, idEquipe1, idEquipe2, butEquipe1, butEquipe2, idStade, idArbitre, date, idSaison, numJournee)
VALUES
(
126, 'CRH', 'WRDBK', 1, 4, 10, 25, '2022-05-28', '2021/2022', 21
);

/* INSERT QUERY NO: 127 */
INSERT INTO Matche(id, idEquipe1, idEquipe2, butEquipe1, butEquipe2, idStade, idArbitre, date, idSaison, numJournee)
VALUES
(
127, 'CMBK', 'IRBAT', 3, 0, 10, 26, '2022-05-28', '2021/2022', 21
);

/* INSERT QUERY NO: 128 */
INSERT INTO Matche(id, idEquipe1, idEquipe2, butEquipe1, butEquipe2, idStade, idArbitre, date, idSaison, numJournee)
VALUES
(
128, 'WRDBK', 'JSOMA', 0, 1, 10, 27, '2022-06-03', '2021/2022', 22
);

/* INSERT QUERY NO: 129 */
INSERT INTO Matche(id, idEquipe1, idEquipe2, butEquipe1, butEquipe2, idStade, idArbitre, date, idSaison, numJournee)
VALUES
(
129, 'JSBB', 'CMBK', 2, 1, 6, 28, '2022-06-03', '2021/2022', 22
);

/* INSERT QUERY NO: 130 */
INSERT INTO Matche(id, idEquipe1, idEquipe2, butEquipe1, butEquipe2, idStade, idArbitre, date, idSaison, numJournee)
VALUES
(
130, 'CRS', 'CRH', 4, 1, 8, 29, '2022-06-03', '2021/2022', 22
);

/* INSERT QUERY NO: 131 */
INSERT INTO Matche(id, idEquipe1, idEquipe2, butEquipe1, butEquipe2, idStade, idArbitre, date, idSaison, numJournee)
VALUES
(
131, 'JSMR', 'AASR', 2, 1, 10, 30, '2022-06-03', '2021/2022', 22
);

/* INSERT QUERY NO: 132 */
INSERT INTO Matche(id, idEquipe1, idEquipe2, butEquipe1, butEquipe2, idStade, idArbitre, date, idSaison, numJournee)
VALUES
(
132, 'IRBAT', 'CRBH', 0, 5, 11, 31, '2022-06-03', '2021/2022', 22
);
/* INSERT QUERY NO: 1 */
INSERT INTO But(idMatch, idJoueur, idEquipe, Minute)
VALUES
(
1, 8, 'CRH', 36
);

/* INSERT QUERY NO: 2 */
INSERT INTO But(idMatch, idJoueur, idEquipe, Minute)
VALUES
(
1, 12, 'ESMBR', 80
);

/* INSERT QUERY NO: 3 */
INSERT INTO But(idMatch, idJoueur, idEquipe, Minute)
VALUES
(
1, 13, 'ESMBR', 13
);

/* INSERT QUERY NO: 4 */
INSERT INTO But(idMatch, idJoueur, idEquipe, Minute)
VALUES
(
2, 3, 'ESMBR', 18
);

/* INSERT QUERY NO: 5 */
INSERT INTO But(idMatch, idJoueur, idEquipe, Minute)
VALUES
(
2, 29, 'ESMBR', 81
);

/* INSERT QUERY NO: 6 */
INSERT INTO But(idMatch, idJoueur, idEquipe, Minute)
VALUES
(
2, 1, 'ESMBR', 37
);

/* INSERT QUERY NO: 7 */
INSERT INTO But(idMatch, idJoueur, idEquipe, Minute)
VALUES
(
2, 14, 'ESMBR', 70
);

/* INSERT QUERY NO: 8 */
INSERT INTO But(idMatch, idJoueur, idEquipe, Minute)
VALUES
(
2, 12, 'ESMBR', 33
);

/* INSERT QUERY NO: 9 */
INSERT INTO But(idMatch, idJoueur, idEquipe, Minute)
VALUES
(
2, 16, 'ESMBR', 22
);

/* INSERT QUERY NO: 10 */
INSERT INTO But(idMatch, idJoueur, idEquipe, Minute)
VALUES
(
3, 8, 'ESMBR', 20
);

/* INSERT QUERY NO: 11 */
INSERT INTO But(idMatch, idJoueur, idEquipe, Minute)
VALUES
(
3, 11, 'WRDBK', 82
);

/* INSERT QUERY NO: 12 */
INSERT INTO But(idMatch, idJoueur, idEquipe, Minute)
VALUES
(
3, 17, 'ESMBR', 13
);

/* INSERT QUERY NO: 13 */
INSERT INTO But(idMatch, idJoueur, idEquipe, Minute)
VALUES
(
4, 17, 'ESMBR', 39
);

/* INSERT QUERY NO: 14 */
INSERT INTO But(idMatch, idJoueur, idEquipe, Minute)
VALUES
(
4, 10, 'IRBAT', 22
);

/* INSERT QUERY NO: 15 */
INSERT INTO But(idMatch, idJoueur, idEquipe, Minute)
VALUES
(
5, 1, 'ESMBR', 86
);

/* INSERT QUERY NO: 16 */
INSERT INTO But(idMatch, idJoueur, idEquipe, Minute)
VALUES
(
5, 20, 'ESMBR', 90
);

/* INSERT QUERY NO: 17 */
INSERT INTO But(idMatch, idJoueur, idEquipe, Minute)
VALUES
(
6, 16, 'ESMBR', 26
);

/* INSERT QUERY NO: 18 */
INSERT INTO But(idMatch, idJoueur, idEquipe, Minute)
VALUES
(
7, 29, 'ESMBR', 1
);

/* INSERT QUERY NO: 19 */
INSERT INTO But(idMatch, idJoueur, idEquipe, Minute)
VALUES
(
7, 29, 'ESMBR', 86
);

/* INSERT QUERY NO: 20 */
INSERT INTO But(idMatch, idJoueur, idEquipe, Minute)
VALUES
(
8, 21, 'AASR', 87
);

/* INSERT QUERY NO: 21 */
INSERT INTO But(idMatch, idJoueur, idEquipe, Minute)
VALUES
(
8, 18, 'ESMBR', 28
);

/* INSERT QUERY NO: 22 */
INSERT INTO But(idMatch, idJoueur, idEquipe, Minute)
VALUES
(
9, 24, 'ESMBR', 5
);

/* INSERT QUERY NO: 23 */
INSERT INTO But(idMatch, idJoueur, idEquipe, Minute)
VALUES
(
9, 23, 'ESMBR', 88
);

/* INSERT QUERY NO: 24 */
INSERT INTO But(idMatch, idJoueur, idEquipe, Minute)
VALUES
(
9, 13, 'ESMBR', 70
);

/* INSERT QUERY NO: 25 */
INSERT INTO But(idMatch, idJoueur, idEquipe, Minute)
VALUES
(
10, 2, 'ESMBR', 7
);

/* INSERT QUERY NO: 26 */
INSERT INTO But(idMatch, idJoueur, idEquipe, Minute)
VALUES
(
11, 5, 'ESMBR', 9
);

/* INSERT QUERY NO: 27 */
INSERT INTO But(idMatch, idJoueur, idEquipe, Minute)
VALUES
(
12, 17, 'ESMBR', 39
);

/* INSERT QUERY NO: 28 */
INSERT INTO But(idMatch, idJoueur, idEquipe, Minute)
VALUES
(
12, 17, 'ESMBR', 80
);

/* INSERT QUERY NO: 29 */
INSERT INTO But(idMatch, idJoueur, idEquipe, Minute)
VALUES
(
13, 8, 'ESMBR', 2
);

/* INSERT QUERY NO: 30 */
INSERT INTO But(idMatch, idJoueur, idEquipe, Minute)
VALUES
(
13, 17, 'ESMBR', 1
);

/* INSERT QUERY NO: 31 */
INSERT INTO But(idMatch, idJoueur, idEquipe, Minute)
VALUES
(
13, 21, 'ESMBR', 4
);

/* INSERT QUERY NO: 32 */
INSERT INTO But(idMatch, idJoueur, idEquipe, Minute)
VALUES
(
13, 29, 'ESMBR', 5
);

/* INSERT QUERY NO: 33 */
INSERT INTO But(idMatch, idJoueur, idEquipe, Minute)
VALUES
(
13, 8, 'ESMBR', 13
);

/* INSERT QUERY NO: 34 */
INSERT INTO But(idMatch, idJoueur, idEquipe, Minute)
VALUES
(
13, 17, 'ESMBR', 89
);

/* INSERT QUERY NO: 35 */
INSERT INTO But(idMatch, idJoueur, idEquipe, Minute)
VALUES
(
13, 21, 'ESMBR', 88
);

/* INSERT QUERY NO: 36 */
INSERT INTO But(idMatch, idJoueur, idEquipe, Minute)
VALUES
(
13, 29, 'ESMBR', 37
);

/* INSERT QUERY NO: 37 */
INSERT INTO But(idMatch, idJoueur, idEquipe, Minute)
VALUES
(
13, 21, 'ESMBR', 70
);

/* INSERT QUERY NO: 38 */
INSERT INTO But(idMatch, idJoueur, idEquipe, Minute)
VALUES
(
13, 21, 'ESMBR', 33
);

/* INSERT QUERY NO: 39 */
INSERT INTO But(idMatch, idJoueur, idEquipe, Minute)
VALUES
(
13, 18, 'ESMBR', 6
);

/* INSERT QUERY NO: 40 */
INSERT INTO But(idMatch, idJoueur, idEquipe, Minute)
VALUES
(
14, 10, 'ESMBR', 15
);

/* INSERT QUERY NO: 41 */
INSERT INTO But(idMatch, idJoueur, idEquipe, Minute)
VALUES
(
14, 8, 'ESMBR', 88
);

/* INSERT QUERY NO: 42 */
INSERT INTO But(idMatch, idJoueur, idEquipe, Minute)
VALUES
(
15, 12, 'ESMBR', 15
);

/* INSERT QUERY NO: 43 */
INSERT INTO But(idMatch, idJoueur, idEquipe, Minute)
VALUES
(
15, 29, 'ESMBR', 87
);

/* INSERT QUERY NO: 44 */
INSERT INTO But(idMatch, idJoueur, idEquipe, Minute)
VALUES
(
16, 17, 'ESMBR', 33
);

/* INSERT QUERY NO: 45 */
INSERT INTO But(idMatch, idJoueur, idEquipe, Minute)
VALUES
(
16, 5, 'ESMBR', 86
);

/* INSERT QUERY NO: 46 */
INSERT INTO But(idMatch, idJoueur, idEquipe, Minute)
VALUES
(
16, 1, 'JSBB', 90
);

/* INSERT QUERY NO: 47 */
INSERT INTO But(idMatch, idJoueur, idEquipe, Minute)
VALUES
(
18, 18, 'ESMBR', 18
);

/* INSERT QUERY NO: 48 */
INSERT INTO But(idMatch, idJoueur, idEquipe, Minute)
VALUES
(
19, 20, 'ESMBR', 19
);

/* INSERT QUERY NO: 49 */
INSERT INTO But(idMatch, idJoueur, idEquipe, Minute)
VALUES
(
19, 22, 'ESMBR', 83
);

/* INSERT QUERY NO: 50 */
INSERT INTO But(idMatch, idJoueur, idEquipe, Minute)
VALUES
(
19, 22, 'ESMBR', 39
);

/* INSERT QUERY NO: 51 */
INSERT INTO But(idMatch, idJoueur, idEquipe, Minute)
VALUES
(
19, 21, 'AASR', 80
);

/* INSERT QUERY NO: 52 */
INSERT INTO But(idMatch, idJoueur, idEquipe, Minute)
VALUES
(
19, 10, 'ESMBR', 84
);

/* INSERT QUERY NO: 53 */
INSERT INTO But(idMatch, idJoueur, idEquipe, Minute)
VALUES
(
20, 22, 'ESMBR', 20
);

/* INSERT QUERY NO: 54 */
INSERT INTO But(idMatch, idJoueur, idEquipe, Minute)
VALUES
(
20, 14, 'ESMBR', 82
);

/* INSERT QUERY NO: 55 */
INSERT INTO But(idMatch, idJoueur, idEquipe, Minute)
VALUES
(
20, 14, 'ESMBR', 37
);

/* INSERT QUERY NO: 56 */
INSERT INTO But(idMatch, idJoueur, idEquipe, Minute)
VALUES
(
21, 24, 'ESMBR', 16
);

/* INSERT QUERY NO: 57 */
INSERT INTO But(idMatch, idJoueur, idEquipe, Minute)
VALUES
(
21, 16, 'ESMBR', 81
);

/* INSERT QUERY NO: 58 */
INSERT INTO But(idMatch, idJoueur, idEquipe, Minute)
VALUES
(
22, 24, 'ESMBR', 18
);

/* INSERT QUERY NO: 59 */
INSERT INTO But(idMatch, idJoueur, idEquipe, Minute)
VALUES
(
22, 18, 'CRD', 80
);

/* INSERT QUERY NO: 60 */
INSERT INTO But(idMatch, idJoueur, idEquipe, Minute)
VALUES
(
22, 18, 'CRD', 88
);

/* INSERT QUERY NO: 61 */
INSERT INTO But(idMatch, idJoueur, idEquipe, Minute)
VALUES
(
22, 13, 'CRD', 72
);

/* INSERT QUERY NO: 62 */
INSERT INTO But(idMatch, idJoueur, idEquipe, Minute)
VALUES
(
22, 19, 'ESMBR', 37
);

/* INSERT QUERY NO: 63 */
INSERT INTO But(idMatch, idJoueur, idEquipe, Minute)
VALUES
(
23, 1, 'AASR', 20
);

/* INSERT QUERY NO: 64 */
INSERT INTO But(idMatch, idJoueur, idEquipe, Minute)
VALUES
(
23, 20, 'AASR', 79
);

/* INSERT QUERY NO: 65 */
INSERT INTO But(idMatch, idJoueur, idEquipe, Minute)
VALUES
(
24, 3, 'CRD', 22
);

/* INSERT QUERY NO: 66 */
INSERT INTO But(idMatch, idJoueur, idEquipe, Minute)
VALUES
(
24, 22, 'CRD', 78
);

/* INSERT QUERY NO: 67 */
INSERT INTO But(idMatch, idJoueur, idEquipe, Minute)
VALUES
(
24, 22, 'IRBAT', 84
);

/* INSERT QUERY NO: 68 */
INSERT INTO But(idMatch, idJoueur, idEquipe, Minute)
VALUES
(
24, 7, 'IRBAT', 88
);

/* INSERT QUERY NO: 69 */
INSERT INTO But(idMatch, idJoueur, idEquipe, Minute)
VALUES
(
25, 5, 'CRBH', 24
);

/* INSERT QUERY NO: 70 */
INSERT INTO But(idMatch, idJoueur, idEquipe, Minute)
VALUES
(
25, 24, 'CRBH', 77
);

/* INSERT QUERY NO: 71 */
INSERT INTO But(idMatch, idJoueur, idEquipe, Minute)
VALUES
(
26, 7, 'JSMR', 26
);

/* INSERT QUERY NO: 72 */
INSERT INTO But(idMatch, idJoueur, idEquipe, Minute)
VALUES
(
26, 24, 'JSMR', 76
);

/* INSERT QUERY NO: 73 */
INSERT INTO But(idMatch, idJoueur, idEquipe, Minute)
VALUES
(
26, 22, 'JSMR', 80
);

/* INSERT QUERY NO: 74 */
INSERT INTO But(idMatch, idJoueur, idEquipe, Minute)
VALUES
(
26, 9, 'JSMR', 84
);

/* INSERT QUERY NO: 75 */
INSERT INTO But(idMatch, idJoueur, idEquipe, Minute)
VALUES
(
26, 4, 'JSMR', 88
);

/* INSERT QUERY NO: 76 */
INSERT INTO But(idMatch, idJoueur, idEquipe, Minute)
VALUES
(
27, 9, 'CRS', 1
);

/* INSERT QUERY NO: 77 */
INSERT INTO But(idMatch, idJoueur, idEquipe, Minute)
VALUES
(
27, 1, 'CRS', 75
);

/* INSERT QUERY NO: 78 */
INSERT INTO But(idMatch, idJoueur, idEquipe, Minute)
VALUES
(
28, 11, 'JSOMA', 28
);

/* INSERT QUERY NO: 79 */
INSERT INTO But(idMatch, idJoueur, idEquipe, Minute)
VALUES
(
28, 3, 'JSOMA', 74
);

/* INSERT QUERY NO: 80 */
INSERT INTO But(idMatch, idJoueur, idEquipe, Minute)
VALUES
(
28, 3, 'JSOMA', 71
);

/* INSERT QUERY NO: 81 */
INSERT INTO But(idMatch, idJoueur, idEquipe, Minute)
VALUES
(
28, 11, 'JSOMA', 70
);

/* INSERT QUERY NO: 82 */
INSERT INTO But(idMatch, idJoueur, idEquipe, Minute)
VALUES
(
28, 8, 'CMBK', 84
);

/* INSERT QUERY NO: 83 */
INSERT INTO But(idMatch, idJoueur, idEquipe, Minute)
VALUES
(
28, 7, 'CMBK', 48
);

/* INSERT QUERY NO: 84 */
INSERT INTO But(idMatch, idJoueur, idEquipe, Minute)
VALUES
(
29, 13, 'JSBB', 90
);

/* INSERT QUERY NO: 85 */
INSERT INTO But(idMatch, idJoueur, idEquipe, Minute)
VALUES
(
29, 5, 'JSBB', 73
);

/* INSERT QUERY NO: 86 */
INSERT INTO But(idMatch, idJoueur, idEquipe, Minute)
VALUES
(
29, 5, 'CRD', 72
);

/* INSERT QUERY NO: 87 */
INSERT INTO But(idMatch, idJoueur, idEquipe, Minute)
VALUES
(
29, 7, 'CRD', 37
);

/* INSERT QUERY NO: 88 */
INSERT INTO But(idMatch, idJoueur, idEquipe, Minute)
VALUES
(
30, 15, 'IRBAT', 88
);

/* INSERT QUERY NO: 89 */
INSERT INTO But(idMatch, idJoueur, idEquipe, Minute)
VALUES
(
30, 1, 'CRH', 72
);

/* INSERT QUERY NO: 90 */
INSERT INTO But(idMatch, idJoueur, idEquipe, Minute)
VALUES
(
30, 7, 'CRH', 90
);

/* INSERT QUERY NO: 91 */
INSERT INTO But(idMatch, idJoueur, idEquipe, Minute)
VALUES
(
30, 12, 'CRH', 39
);

/* INSERT QUERY NO: 92 */
INSERT INTO But(idMatch, idJoueur, idEquipe, Minute)
VALUES
(
31, 17, 'CRBH', 86
);

/* INSERT QUERY NO: 93 */
INSERT INTO But(idMatch, idJoueur, idEquipe, Minute)
VALUES
(
31, 4, 'CRBH', 71
);

/* INSERT QUERY NO: 94 */
INSERT INTO But(idMatch, idJoueur, idEquipe, Minute)
VALUES
(
31, 9, 'CRBH', 88
);

/* INSERT QUERY NO: 95 */
INSERT INTO But(idMatch, idJoueur, idEquipe, Minute)
VALUES
(
31, 14, 'JSMR', 37
);

/* INSERT QUERY NO: 96 */
INSERT INTO But(idMatch, idJoueur, idEquipe, Minute)
VALUES
(
32, 19, 'AASR', 84
);

/* INSERT QUERY NO: 97 */
INSERT INTO But(idMatch, idJoueur, idEquipe, Minute)
VALUES
(
32, 7, 'AASR', 70
);

/* INSERT QUERY NO: 98 */
INSERT INTO But(idMatch, idJoueur, idEquipe, Minute)
VALUES
(
32, 11, 'WRDBK', 86
);

/* INSERT QUERY NO: 99 */
INSERT INTO But(idMatch, idJoueur, idEquipe, Minute)
VALUES
(
33, 21, 'JSOMA', 33
);

/* INSERT QUERY NO: 100 */
INSERT INTO But(idMatch, idJoueur, idEquipe, Minute)
VALUES
(
33, 10, 'JSOMA', 69
);

/* INSERT QUERY NO: 101 */
INSERT INTO But(idMatch, idJoueur, idEquipe, Minute)
VALUES
(
34, 23, 'CRD', 70
);

/* INSERT QUERY NO: 102 */
INSERT INTO But(idMatch, idJoueur, idEquipe, Minute)
VALUES
(
34, 15, 'CRD', 33
);

/* INSERT QUERY NO: 103 */
INSERT INTO But(idMatch, idJoueur, idEquipe, Minute)
VALUES
(
34, 20, 'CRD', 86
);

/* INSERT QUERY NO: 104 */
INSERT INTO But(idMatch, idJoueur, idEquipe, Minute)
VALUES
(
35, 24, 'AASR', 37
);

/* INSERT QUERY NO: 105 */
INSERT INTO But(idMatch, idJoueur, idEquipe, Minute)
VALUES
(
35, 16, 'AASR', 67
);

/* INSERT QUERY NO: 106 */
INSERT INTO But(idMatch, idJoueur, idEquipe, Minute)
VALUES
(
35, 17, 'AASR', 70
);

/* INSERT QUERY NO: 107 */
INSERT INTO But(idMatch, idJoueur, idEquipe, Minute)
VALUES
(
35, 22, 'CMBK', 84
);

/* INSERT QUERY NO: 108 */
INSERT INTO But(idMatch, idJoueur, idEquipe, Minute)
VALUES
(
35, 22, 'CMBK', 2
);

/* INSERT QUERY NO: 109 */
INSERT INTO But(idMatch, idJoueur, idEquipe, Minute)
VALUES
(
36, 24, 'JSBB', 39
);

/* INSERT QUERY NO: 110 */
INSERT INTO But(idMatch, idJoueur, idEquipe, Minute)
VALUES
(
36, 19, 'JSBB', 66
);

/* INSERT QUERY NO: 111 */
INSERT INTO But(idMatch, idJoueur, idEquipe, Minute)
VALUES
(
37, 24, 'IRBAT', 37
);

/* INSERT QUERY NO: 112 */
INSERT INTO But(idMatch, idJoueur, idEquipe, Minute)
VALUES
(
38, 7, 'CRD', 90
);

/* INSERT QUERY NO: 113 */
INSERT INTO But(idMatch, idJoueur, idEquipe, Minute)
VALUES
(
38, 24, 'JSOMA', 64
);

/* INSERT QUERY NO: 114 */
INSERT INTO But(idMatch, idJoueur, idEquipe, Minute)
VALUES
(
38, 23, 'JSOMA', 37
);

/* INSERT QUERY NO: 115 */
INSERT INTO But(idMatch, idJoueur, idEquipe, Minute)
VALUES
(
39, 8, 'CMBK', 88
);

/* INSERT QUERY NO: 116 */
INSERT INTO But(idMatch, idJoueur, idEquipe, Minute)
VALUES
(
39, 2, 'CMBK', 63
);

/* INSERT QUERY NO: 117 */
INSERT INTO But(idMatch, idJoueur, idEquipe, Minute)
VALUES
(
39, 12, 'WRDBK', 90
);

/* INSERT QUERY NO: 118 */
INSERT INTO But(idMatch, idJoueur, idEquipe, Minute)
VALUES
(
39, 3, 'WRDBK', 71
);

/* INSERT QUERY NO: 119 */
INSERT INTO But(idMatch, idJoueur, idEquipe, Minute)
VALUES
(
39, 3, 'WRDBK', 6
);

/* INSERT QUERY NO: 120 */
INSERT INTO But(idMatch, idJoueur, idEquipe, Minute)
VALUES
(
40, 9, 'CRH', 86
);

/* INSERT QUERY NO: 121 */
INSERT INTO But(idMatch, idJoueur, idEquipe, Minute)
VALUES
(
40, 4, 'JSMR', 62
);

/* INSERT QUERY NO: 122 */
INSERT INTO But(idMatch, idJoueur, idEquipe, Minute)
VALUES
(
40, 12, 'JSMR', 88
);

/* INSERT QUERY NO: 123 */
INSERT INTO But(idMatch, idJoueur, idEquipe, Minute)
VALUES
(
40, 5, 'JSMR', 72
);

/* INSERT QUERY NO: 124 */
INSERT INTO But(idMatch, idJoueur, idEquipe, Minute)
VALUES
(
41, 12, 'CRS', 84
);

/* INSERT QUERY NO: 125 */
INSERT INTO But(idMatch, idJoueur, idEquipe, Minute)
VALUES
(
41, 6, 'JSBB', 61
);

/* INSERT QUERY NO: 126 */
INSERT INTO But(idMatch, idJoueur, idEquipe, Minute)
VALUES
(
41, 12, 'JSBB', 86
);

/* INSERT QUERY NO: 127 */
INSERT INTO But(idMatch, idJoueur, idEquipe, Minute)
VALUES
(
41, 1, 'JSBB', 90
);

/* INSERT QUERY NO: 128 */
INSERT INTO But(idMatch, idJoueur, idEquipe, Minute)
VALUES
(
42, 11, 'AASR', 82
);

/* INSERT QUERY NO: 129 */
INSERT INTO But(idMatch, idJoueur, idEquipe, Minute)
VALUES
(
42, 8, 'AASR', 60
);

/* INSERT QUERY NO: 130 */
INSERT INTO But(idMatch, idJoueur, idEquipe, Minute)
VALUES
(
43, 7, 'CRH', 80
);

/* INSERT QUERY NO: 131 */
INSERT INTO But(idMatch, idJoueur, idEquipe, Minute)
VALUES
(
43, 10, 'JSOMA', 59
);

/* INSERT QUERY NO: 132 */
INSERT INTO But(idMatch, idJoueur, idEquipe, Minute)
VALUES
(
43, 8, 'JSOMA', 82
);

/* INSERT QUERY NO: 133 */
INSERT INTO But(idMatch, idJoueur, idEquipe, Minute)
VALUES
(
44, 12, 'IRBAT', 70
);

/* INSERT QUERY NO: 134 */
INSERT INTO But(idMatch, idJoueur, idEquipe, Minute)
VALUES
(
45, 14, 'CMBK', 71
);

/* INSERT QUERY NO: 135 */
INSERT INTO But(idMatch, idJoueur, idEquipe, Minute)
VALUES
(
46, 16, 'CRD', 72
);

/* INSERT QUERY NO: 136 */
INSERT INTO But(idMatch, idJoueur, idEquipe, Minute)
VALUES
(
46, 16, 'CRD', 56
);

/* INSERT QUERY NO: 137 */
INSERT INTO But(idMatch, idJoueur, idEquipe, Minute)
VALUES
(
46, 11, 'AASR', 71
);

/* INSERT QUERY NO: 138 */
INSERT INTO But(idMatch, idJoueur, idEquipe, Minute)
VALUES
(
46, 16, 'AASR', 70
);

/* INSERT QUERY NO: 139 */
INSERT INTO But(idMatch, idJoueur, idEquipe, Minute)
VALUES
(
47, 11, 'JSMR', 11
);

/* INSERT QUERY NO: 140 */
INSERT INTO But(idMatch, idJoueur, idEquipe, Minute)
VALUES
(
47, 18, 'JSMR', 73
);

/* INSERT QUERY NO: 141 */
INSERT INTO But(idMatch, idJoueur, idEquipe, Minute)
VALUES
(
47, 18, 'JSMR', 55
);

/* INSERT QUERY NO: 142 */
INSERT INTO But(idMatch, idJoueur, idEquipe, Minute)
VALUES
(
47, 7, 'JSMR', 72
);

/* INSERT QUERY NO: 143 */
INSERT INTO But(idMatch, idJoueur, idEquipe, Minute)
VALUES
(
47, 19, 'JSMR', 37
);

/* INSERT QUERY NO: 144 */
INSERT INTO But(idMatch, idJoueur, idEquipe, Minute)
VALUES
(
47, 19, 'JSMR', 14
);

/* INSERT QUERY NO: 145 */
INSERT INTO But(idMatch, idJoueur, idEquipe, Minute)
VALUES
(
47, 7, 'JSMR', 67
);

/* INSERT QUERY NO: 146 */
INSERT INTO But(idMatch, idJoueur, idEquipe, Minute)
VALUES
(
47, 9, 'JSMR', 40
);

/* INSERT QUERY NO: 147 */
INSERT INTO But(idMatch, idJoueur, idEquipe, Minute)
VALUES
(
48, 11, 'JSOMA', 11
);

/* INSERT QUERY NO: 148 */
INSERT INTO But(idMatch, idJoueur, idEquipe, Minute)
VALUES
(
48, 20, 'CRS', 74
);

/* INSERT QUERY NO: 149 */
INSERT INTO But(idMatch, idJoueur, idEquipe, Minute)
VALUES
(
48, 20, 'CRS', 54
);

/* INSERT QUERY NO: 150 */
INSERT INTO But(idMatch, idJoueur, idEquipe, Minute)
VALUES
(
48, 12, 'JSOMA', 90
);

/* INSERT QUERY NO: 151 */
INSERT INTO But(idMatch, idJoueur, idEquipe, Minute)
VALUES
(
48, 22, 'JSOMA', 39
);

/* INSERT QUERY NO: 152 */
INSERT INTO But(idMatch, idJoueur, idEquipe, Minute)
VALUES
(
48, 21, 'JSOMA', 15
);

/* INSERT QUERY NO: 153 */
INSERT INTO But(idMatch, idJoueur, idEquipe, Minute)
VALUES
(
48, 10, 'JSOMA', 68
);

/* INSERT QUERY NO: 154 */
INSERT INTO But(idMatch, idJoueur, idEquipe, Minute)
VALUES
(
48, 11, 'JSOMA', 41
);

/* INSERT QUERY NO: 155 */
INSERT INTO But(idMatch, idJoueur, idEquipe, Minute)
VALUES
(
49, 22, 'IRBAT', 75
);

/* INSERT QUERY NO: 156 */
INSERT INTO But(idMatch, idJoueur, idEquipe, Minute)
VALUES
(
49, 22, 'JSBB', 53
);

/* INSERT QUERY NO: 157 */
INSERT INTO But(idMatch, idJoueur, idEquipe, Minute)
VALUES
(
49, 14, 'JSBB', 88
);

/* INSERT QUERY NO: 158 */
INSERT INTO But(idMatch, idJoueur, idEquipe, Minute)
VALUES
(
51, 24, 'CRD', 77
);

/* INSERT QUERY NO: 159 */
INSERT INTO But(idMatch, idJoueur, idEquipe, Minute)
VALUES
(
51, 24, 'CRD', 51
);

/* INSERT QUERY NO: 160 */
INSERT INTO But(idMatch, idJoueur, idEquipe, Minute)
VALUES
(
51, 18, 'CRD', 84
);

/* INSERT QUERY NO: 161 */
INSERT INTO But(idMatch, idJoueur, idEquipe, Minute)
VALUES
(
53, 3, 'WRDBK', 49
);

/* INSERT QUERY NO: 162 */
INSERT INTO But(idMatch, idJoueur, idEquipe, Minute)
VALUES
(
53, 22, 'JSBB', 70
);

/* INSERT QUERY NO: 163 */
INSERT INTO But(idMatch, idJoueur, idEquipe, Minute)
VALUES
(
53, 8, 'JSBB', 84
);

/* INSERT QUERY NO: 164 */
INSERT INTO But(idMatch, idJoueur, idEquipe, Minute)
VALUES
(
54, 5, 'CRH', 80
);

/* INSERT QUERY NO: 165 */
INSERT INTO But(idMatch, idJoueur, idEquipe, Minute)
VALUES
(
54, 5, 'CMBK', 48
);

/* INSERT QUERY NO: 166 */
INSERT INTO But(idMatch, idJoueur, idEquipe, Minute)
VALUES
(
55, 1, 'AASR', 12
);

/* INSERT QUERY NO: 167 */
INSERT INTO But(idMatch, idJoueur, idEquipe, Minute)
VALUES
(
55, 7, 'AASR', 13
);

/* INSERT QUERY NO: 168 */
INSERT INTO But(idMatch, idJoueur, idEquipe, Minute)
VALUES
(
55, 12, 'AASR', 14
);

/* INSERT QUERY NO: 169 */
INSERT INTO But(idMatch, idJoueur, idEquipe, Minute)
VALUES
(
55, 1, 'AASR', 1
);

/* INSERT QUERY NO: 170 */
INSERT INTO But(idMatch, idJoueur, idEquipe, Minute)
VALUES
(
55, 7, 'AASR', 47
);

/* INSERT QUERY NO: 171 */
INSERT INTO But(idMatch, idJoueur, idEquipe, Minute)
VALUES
(
55, 12, 'AASR', 39
);

/* INSERT QUERY NO: 172 */
INSERT INTO But(idMatch, idJoueur, idEquipe, Minute)
VALUES
(
55, 12, 'AASR', 80
);

/* INSERT QUERY NO: 173 */
INSERT INTO But(idMatch, idJoueur, idEquipe, Minute)
VALUES
(
55, 9, 'AASR', 22
);

/* INSERT QUERY NO: 174 */
INSERT INTO But(idMatch, idJoueur, idEquipe, Minute)
VALUES
(
55, 4, 'AASR', 75
);

/* INSERT QUERY NO: 175 */
INSERT INTO But(idMatch, idJoueur, idEquipe, Minute)
VALUES
(
55, 2, 'AASR', 6
);

/* INSERT QUERY NO: 176 */
INSERT INTO But(idMatch, idJoueur, idEquipe, Minute)
VALUES
(
56, 4, 'CRD', 2
);

/* INSERT QUERY NO: 177 */
INSERT INTO But(idMatch, idJoueur, idEquipe, Minute)
VALUES
(
57, 7, 'IRBAT', 3
);

/* INSERT QUERY NO: 178 */
INSERT INTO But(idMatch, idJoueur, idEquipe, Minute)
VALUES
(
57, 11, 'JSOMA', 45
);

/* INSERT QUERY NO: 179 */
INSERT INTO But(idMatch, idJoueur, idEquipe, Minute)
VALUES
(
58, 10, 'IRBAT', 4
);

/* INSERT QUERY NO: 180 */
INSERT INTO But(idMatch, idJoueur, idEquipe, Minute)
VALUES
(
58, 13, 'JSOMA', 44
);

/* INSERT QUERY NO: 181 */
INSERT INTO But(idMatch, idJoueur, idEquipe, Minute)
VALUES
(
58, 5, 'JSOMA', 88
);

/* INSERT QUERY NO: 182 */
INSERT INTO But(idMatch, idJoueur, idEquipe, Minute)
VALUES
(
59, 13, 'CRD', 5
);

/* INSERT QUERY NO: 183 */
INSERT INTO But(idMatch, idJoueur, idEquipe, Minute)
VALUES
(
59, 15, 'CRD', 43
);

/* INSERT QUERY NO: 184 */
INSERT INTO But(idMatch, idJoueur, idEquipe, Minute)
VALUES
(
59, 5, 'WRDBK', 86
);

/* INSERT QUERY NO: 185 */
INSERT INTO But(idMatch, idJoueur, idEquipe, Minute)
VALUES
(
59, 20, 'WRDBK', 90
);

/* INSERT QUERY NO: 186 */
INSERT INTO But(idMatch, idJoueur, idEquipe, Minute)
VALUES
(
60, 16, 'JSBB', 6
);

/* INSERT QUERY NO: 187 */
INSERT INTO But(idMatch, idJoueur, idEquipe, Minute)
VALUES
(
60, 17, 'JSMR', 42
);

/* INSERT QUERY NO: 188 */
INSERT INTO But(idMatch, idJoueur, idEquipe, Minute)
VALUES
(
60, 1, 'JSMR', 84
);

/* INSERT QUERY NO: 189 */
INSERT INTO But(idMatch, idJoueur, idEquipe, Minute)
VALUES
(
62, 22, 'CRS', 8
);

/* INSERT QUERY NO: 190 */
INSERT INTO But(idMatch, idJoueur, idEquipe, Minute)
VALUES
(
62, 21, 'CMBK', 40
);

/* INSERT QUERY NO: 191 */
INSERT INTO But(idMatch, idJoueur, idEquipe, Minute)
VALUES
(
63, 24, 'JSOMA', 9
);

/* INSERT QUERY NO: 192 */
INSERT INTO But(idMatch, idJoueur, idEquipe, Minute)
VALUES
(
63, 23, 'JSOMA', 39
);

/* INSERT QUERY NO: 193 */
INSERT INTO But(idMatch, idJoueur, idEquipe, Minute)
VALUES
(
63, 10, 'JSOMA', 70
);

/* INSERT QUERY NO: 194 */
INSERT INTO But(idMatch, idJoueur, idEquipe, Minute)
VALUES
(
63, 1, 'JSBB', 33
);

/* INSERT QUERY NO: 195 */
INSERT INTO But(idMatch, idJoueur, idEquipe, Minute)
VALUES
(
64, 2, 'CRD', 10
);

/* INSERT QUERY NO: 196 */
INSERT INTO But(idMatch, idJoueur, idEquipe, Minute)
VALUES
(
64, 24, 'CRD', 38
);

/* INSERT QUERY NO: 197 */
INSERT INTO But(idMatch, idJoueur, idEquipe, Minute)
VALUES
(
65, 23, 'JSMR', 37
);

/* INSERT QUERY NO: 198 */
INSERT INTO But(idMatch, idJoueur, idEquipe, Minute)
VALUES
(
65, 16, 'JSMR', 72
);

/* INSERT QUERY NO: 199 */
INSERT INTO But(idMatch, idJoueur, idEquipe, Minute)
VALUES
(
65, 5, 'WRDBK', 37
);

/* INSERT QUERY NO: 200 */
INSERT INTO But(idMatch, idJoueur, idEquipe, Minute)
VALUES
(
65, 24, 'WRDBK', 32
);

/* INSERT QUERY NO: 201 */
INSERT INTO But(idMatch, idJoueur, idEquipe, Minute)
VALUES
(
66, 6, 'AASR', 12
);

/* INSERT QUERY NO: 202 */
INSERT INTO But(idMatch, idJoueur, idEquipe, Minute)
VALUES
(
66, 24, 'IRBAT', 36
);

/* INSERT QUERY NO: 203 */
INSERT INTO But(idMatch, idJoueur, idEquipe, Minute)
VALUES
(
67, 8, 'CRBH', 13
);

/* INSERT QUERY NO: 204 */
INSERT INTO But(idMatch, idJoueur, idEquipe, Minute)
VALUES
(
67, 7, 'CRBH', 35
);

/* INSERT QUERY NO: 205 */
INSERT INTO But(idMatch, idJoueur, idEquipe, Minute)
VALUES
(
67, 22, 'CRBH', 88
);

/* INSERT QUERY NO: 206 */
INSERT INTO But(idMatch, idJoueur, idEquipe, Minute)
VALUES
(
67, 9, 'CRS', 37
);

/* INSERT QUERY NO: 207 */
INSERT INTO But(idMatch, idJoueur, idEquipe, Minute)
VALUES
(
69, 12, 'AASR', 15
);

/* INSERT QUERY NO: 208 */
INSERT INTO But(idMatch, idJoueur, idEquipe, Minute)
VALUES
(
69, 9, 'AASR', 33
);

/* INSERT QUERY NO: 209 */
INSERT INTO But(idMatch, idJoueur, idEquipe, Minute)
VALUES
(
69, 2, 'AASR', 84
);

/* INSERT QUERY NO: 210 */
INSERT INTO But(idMatch, idJoueur, idEquipe, Minute)
VALUES
(
69, 13, 'JSBB', 88
);

/* INSERT QUERY NO: 211 */
INSERT INTO But(idMatch, idJoueur, idEquipe, Minute)
VALUES
(
70, 14, 'CRS', 16
);

/* INSERT QUERY NO: 212 */
INSERT INTO But(idMatch, idJoueur, idEquipe, Minute)
VALUES
(
70, 12, 'CRD', 32
);

/* INSERT QUERY NO: 213 */
INSERT INTO But(idMatch, idJoueur, idEquipe, Minute)
VALUES
(
70, 4, 'CRD', 33
);

/* INSERT QUERY NO: 214 */
INSERT INTO But(idMatch, idJoueur, idEquipe, Minute)
VALUES
(
71, 16, 'CRH', 17
);

/* INSERT QUERY NO: 215 */
INSERT INTO But(idMatch, idJoueur, idEquipe, Minute)
VALUES
(
71, 11, 'CRH', 31
);

/* INSERT QUERY NO: 216 */
INSERT INTO But(idMatch, idJoueur, idEquipe, Minute)
VALUES
(
71, 6, 'CRH', 70
);

/* INSERT QUERY NO: 217 */
INSERT INTO But(idMatch, idJoueur, idEquipe, Minute)
VALUES
(
71, 17, 'CRH', 84
);

/* INSERT QUERY NO: 218 */
INSERT INTO But(idMatch, idJoueur, idEquipe, Minute)
VALUES
(
72, 18, 'IRBAT', 18
);

/* INSERT QUERY NO: 219 */
INSERT INTO But(idMatch, idJoueur, idEquipe, Minute)
VALUES
(
72, 7, 'IRBAT', 30
);

/* INSERT QUERY NO: 220 */
INSERT INTO But(idMatch, idJoueur, idEquipe, Minute)
VALUES
(
72, 8, 'IRBAT', 37
);

/* INSERT QUERY NO: 221 */
INSERT INTO But(idMatch, idJoueur, idEquipe, Minute)
VALUES
(
72, 19, 'CRBH', 82
);

/* INSERT QUERY NO: 222 */
INSERT INTO But(idMatch, idJoueur, idEquipe, Minute)
VALUES
(
73, 20, 'JSOMA', 19
);

/* INSERT QUERY NO: 223 */
INSERT INTO But(idMatch, idJoueur, idEquipe, Minute)
VALUES
(
74, 22, 'JSBB', 20
);

/* INSERT QUERY NO: 224 */
INSERT INTO But(idMatch, idJoueur, idEquipe, Minute)
VALUES
(
75, 24, 'CRH', 21
);

/* INSERT QUERY NO: 225 */
INSERT INTO But(idMatch, idJoueur, idEquipe, Minute)
VALUES
(
75, 16, 'CRS', 27
);

/* INSERT QUERY NO: 226 */
INSERT INTO But(idMatch, idJoueur, idEquipe, Minute)
VALUES
(
77, 1, 'CRBH', 23
);

/* INSERT QUERY NO: 227 */
INSERT INTO But(idMatch, idJoueur, idEquipe, Minute)
VALUES
(
77, 20, 'CRBH', 25
);

/* INSERT QUERY NO: 228 */
INSERT INTO But(idMatch, idJoueur, idEquipe, Minute)
VALUES
(
77, 18, 'CRBH', 86
);

/* INSERT QUERY NO: 229 */
INSERT INTO But(idMatch, idJoueur, idEquipe, Minute)
VALUES
(
77, 15, 'IRBAT', 90
);

/* INSERT QUERY NO: 230 */
INSERT INTO But(idMatch, idJoueur, idEquipe, Minute)
VALUES
(
78, 3, 'AASR', 24
);

/* INSERT QUERY NO: 231 */
INSERT INTO But(idMatch, idJoueur, idEquipe, Minute)
VALUES
(
78, 22, 'AASR', 24
);

/* INSERT QUERY NO: 232 */
INSERT INTO But(idMatch, idJoueur, idEquipe, Minute)
VALUES
(
78, 20, 'AASR', 84
);

/* INSERT QUERY NO: 233 */
INSERT INTO But(idMatch, idJoueur, idEquipe, Minute)
VALUES
(
78, 7, 'JSOMA', 88
);

/* INSERT QUERY NO: 234 */
INSERT INTO But(idMatch, idJoueur, idEquipe, Minute)
VALUES
(
79, 5, 'CRD', 25
);

/* INSERT QUERY NO: 235 */
INSERT INTO But(idMatch, idJoueur, idEquipe, Minute)
VALUES
(
80, 7, 'CRBH', 26
);

/* INSERT QUERY NO: 236 */
INSERT INTO But(idMatch, idJoueur, idEquipe, Minute)
VALUES
(
80, 22, 'JSBB', 22
);

/* INSERT QUERY NO: 237 */
INSERT INTO But(idMatch, idJoueur, idEquipe, Minute)
VALUES
(
80, 24, 'JSBB', 80
);

/* INSERT QUERY NO: 238 */
INSERT INTO But(idMatch, idJoueur, idEquipe, Minute)
VALUES
(
80, 9, 'JSBB', 84
);

/* INSERT QUERY NO: 239 */
INSERT INTO But(idMatch, idJoueur, idEquipe, Minute)
VALUES
(
80, 4, 'JSBB', 47
);

/* INSERT QUERY NO: 240 */
INSERT INTO But(idMatch, idJoueur, idEquipe, Minute)
VALUES
(
82, 11, 'CRS', 28
);

/* INSERT QUERY NO: 241 */
INSERT INTO But(idMatch, idJoueur, idEquipe, Minute)
VALUES
(
82, 3, 'WRDBK', 20
);

/* INSERT QUERY NO: 242 */
INSERT INTO But(idMatch, idJoueur, idEquipe, Minute)
VALUES
(
82, 1, 'WRDBK', 71
);

/* INSERT QUERY NO: 243 */
INSERT INTO But(idMatch, idJoueur, idEquipe, Minute)
VALUES
(
82, 11, 'WRDBK', 70
);

/* INSERT QUERY NO: 244 */
INSERT INTO But(idMatch, idJoueur, idEquipe, Minute)
VALUES
(
83, 13, 'JSOMA', 29
);

/* INSERT QUERY NO: 245 */
INSERT INTO But(idMatch, idJoueur, idEquipe, Minute)
VALUES
(
83, 5, 'JSOMA', 19
);

/* INSERT QUERY NO: 246 */
INSERT INTO But(idMatch, idJoueur, idEquipe, Minute)
VALUES
(
83, 3, 'CMBK', 72
);

/* INSERT QUERY NO: 247 */
INSERT INTO But(idMatch, idJoueur, idEquipe, Minute)
VALUES
(
84, 15, 'JSBB', 30
);

/* INSERT QUERY NO: 248 */
INSERT INTO But(idMatch, idJoueur, idEquipe, Minute)
VALUES
(
84, 1, 'CRD', 18
);

/* INSERT QUERY NO: 249 */
INSERT INTO But(idMatch, idJoueur, idEquipe, Minute)
VALUES
(
85, 17, 'IRBAT', 31
);

/* INSERT QUERY NO: 250 */
INSERT INTO But(idMatch, idJoueur, idEquipe, Minute)
VALUES
(
85, 4, 'IRBAT', 17
);

/* INSERT QUERY NO: 251 */
INSERT INTO But(idMatch, idJoueur, idEquipe, Minute)
VALUES
(
86, 19, 'JSMR', 32
);

/* INSERT QUERY NO: 252 */
INSERT INTO But(idMatch, idJoueur, idEquipe, Minute)
VALUES
(
86, 7, 'JSMR', 16
);

/* INSERT QUERY NO: 253 */
INSERT INTO But(idMatch, idJoueur, idEquipe, Minute)
VALUES
(
86, 9, 'JSMR', 86
);

/* INSERT QUERY NO: 254 */
INSERT INTO But(idMatch, idJoueur, idEquipe, Minute)
VALUES
(
87, 21, 'AASR', 33
);

/* INSERT QUERY NO: 255 */
INSERT INTO But(idMatch, idJoueur, idEquipe, Minute)
VALUES
(
87, 10, 'AASR', 15
);

/* INSERT QUERY NO: 256 */
INSERT INTO But(idMatch, idJoueur, idEquipe, Minute)
VALUES
(
87, 11, 'WRDBK', 84
);

/* INSERT QUERY NO: 257 */
INSERT INTO But(idMatch, idJoueur, idEquipe, Minute)
VALUES
(
88, 23, 'JSOMA', 34
);

/* INSERT QUERY NO: 258 */
INSERT INTO But(idMatch, idJoueur, idEquipe, Minute)
VALUES
(
89, 16, 'CRD', 13
);

/* INSERT QUERY NO: 259 */
INSERT INTO But(idMatch, idJoueur, idEquipe, Minute)
VALUES
(
89, 15, 'CRD', 70
);

/* INSERT QUERY NO: 260 */
INSERT INTO But(idMatch, idJoueur, idEquipe, Minute)
VALUES
(
89, 22, 'JSMR', 84
);

/* INSERT QUERY NO: 261 */
INSERT INTO But(idMatch, idJoueur, idEquipe, Minute)
VALUES
(
89, 22, 'JSMR', 56
);

/* INSERT QUERY NO: 262 */
INSERT INTO But(idMatch, idJoueur, idEquipe, Minute)
VALUES
(
89, 14, 'JSMR', 33
);

/* INSERT QUERY NO: 263 */
INSERT INTO But(idMatch, idJoueur, idEquipe, Minute)
VALUES
(
90, 24, 'CMBK', 36
);

/* INSERT QUERY NO: 264 */
INSERT INTO But(idMatch, idJoueur, idEquipe, Minute)
VALUES
(
90, 19, 'CMBK', 12
);

/* INSERT QUERY NO: 265 */
INSERT INTO But(idMatch, idJoueur, idEquipe, Minute)
VALUES
(
90, 17, 'AASR', 37
);

/* INSERT QUERY NO: 266 */
INSERT INTO But(idMatch, idJoueur, idEquipe, Minute)
VALUES
(
91, 24, 'CRH', 37
);

/* INSERT QUERY NO: 267 */
INSERT INTO But(idMatch, idJoueur, idEquipe, Minute)
VALUES
(
91, 22, 'CRH', 90
);

/* INSERT QUERY NO: 268 */
INSERT INTO But(idMatch, idJoueur, idEquipe, Minute)
VALUES
(
91, 19, 'JSBB', 39
);

/* INSERT QUERY NO: 269 */
INSERT INTO But(idMatch, idJoueur, idEquipe, Minute)
VALUES
(
92, 7, 'IRBAT', 38
);

/* INSERT QUERY NO: 270 */
INSERT INTO But(idMatch, idJoueur, idEquipe, Minute)
VALUES
(
92, 23, 'IRBAT', 88
);

/* INSERT QUERY NO: 271 */
INSERT INTO But(idMatch, idJoueur, idEquipe, Minute)
VALUES
(
92, 21, 'IRBAT', 37
);

/* INSERT QUERY NO: 272 */
INSERT INTO But(idMatch, idJoueur, idEquipe, Minute)
VALUES
(
93, 8, 'JSOMA', 39
);

/* INSERT QUERY NO: 273 */
INSERT INTO But(idMatch, idJoueur, idEquipe, Minute)
VALUES
(
94, 9, 'CMBK', 40
);

/* INSERT QUERY NO: 274 */
INSERT INTO But(idMatch, idJoueur, idEquipe, Minute)
VALUES
(
95, 12, 'JSMR', 41
);

/* INSERT QUERY NO: 275 */
INSERT INTO But(idMatch, idJoueur, idEquipe, Minute)
VALUES
(
95, 6, 'JSMR', 33
);

/* INSERT QUERY NO: 276 */
INSERT INTO But(idMatch, idJoueur, idEquipe, Minute)
VALUES
(
95, 11, 'JSMR', 86
);

/* INSERT QUERY NO: 277 */
INSERT INTO But(idMatch, idJoueur, idEquipe, Minute)
VALUES
(
95, 1, 'CRH', 90
);

/* INSERT QUERY NO: 278 */
INSERT INTO But(idMatch, idJoueur, idEquipe, Minute)
VALUES
(
96, 11, 'JSBB', 42
);

/* INSERT QUERY NO: 279 */
INSERT INTO But(idMatch, idJoueur, idEquipe, Minute)
VALUES
(
96, 8, 'JSBB', 70
);

/* INSERT QUERY NO: 280 */
INSERT INTO But(idMatch, idJoueur, idEquipe, Minute)
VALUES
(
96, 11, 'JSBB', 84
);

/* INSERT QUERY NO: 281 */
INSERT INTO But(idMatch, idJoueur, idEquipe, Minute)
VALUES
(
97, 7, 'AASR', 43
);

/* INSERT QUERY NO: 282 */
INSERT INTO But(idMatch, idJoueur, idEquipe, Minute)
VALUES
(
97, 10, 'AASR', 37
);

/* INSERT QUERY NO: 283 */
INSERT INTO But(idMatch, idJoueur, idEquipe, Minute)
VALUES
(
97, 5, 'AASR', 82
);

/* INSERT QUERY NO: 284 */
INSERT INTO But(idMatch, idJoueur, idEquipe, Minute)
VALUES
(
97, 7, 'CRBH', 86
);

/* INSERT QUERY NO: 285 */
INSERT INTO But(idMatch, idJoueur, idEquipe, Minute)
VALUES
(
97, 11, 'CRBH', 64
);

/* INSERT QUERY NO: 286 */
INSERT INTO But(idMatch, idJoueur, idEquipe, Minute)
VALUES
(
98, 12, 'JSOMA', 44
);

/* INSERT QUERY NO: 287 */
INSERT INTO But(idMatch, idJoueur, idEquipe, Minute)
VALUES
(
98, 12, 'CRH', 39
);

/* INSERT QUERY NO: 288 */
INSERT INTO But(idMatch, idJoueur, idEquipe, Minute)
VALUES
(
98, 8, 'JSOMA', 80
);

/* INSERT QUERY NO: 289 */
INSERT INTO But(idMatch, idJoueur, idEquipe, Minute)
VALUES
(
99, 14, 'IRBAT', 45
);

/* INSERT QUERY NO: 290 */
INSERT INTO But(idMatch, idJoueur, idEquipe, Minute)
VALUES
(
99, 14, 'IRBAT', 37
);

/* INSERT QUERY NO: 291 */
INSERT INTO But(idMatch, idJoueur, idEquipe, Minute)
VALUES
(
99, 9, 'WRDBK', 70
);

/* INSERT QUERY NO: 292 */
INSERT INTO But(idMatch, idJoueur, idEquipe, Minute)
VALUES
(
99, 13, 'WRDBK', 33
);

/* INSERT QUERY NO: 293 */
INSERT INTO But(idMatch, idJoueur, idEquipe, Minute)
VALUES
(
99, 15, 'WRDBK', 66
);

/* INSERT QUERY NO: 294 */
INSERT INTO But(idMatch, idJoueur, idEquipe, Minute)
VALUES
(
100, 16, 'CRBH', 46
);

/* INSERT QUERY NO: 295 */
INSERT INTO But(idMatch, idJoueur, idEquipe, Minute)
VALUES
(
100, 16, 'CRBH', 90
);

/* INSERT QUERY NO: 296 */
INSERT INTO But(idMatch, idJoueur, idEquipe, Minute)
VALUES
(
100, 12, 'CMBK', 71
);

/* INSERT QUERY NO: 297 */
INSERT INTO But(idMatch, idJoueur, idEquipe, Minute)
VALUES
(
101, 18, 'CRD', 47
);

/* INSERT QUERY NO: 298 */
INSERT INTO But(idMatch, idJoueur, idEquipe, Minute)
VALUES
(
101, 18, 'CRD', 88
);

/* INSERT QUERY NO: 299 */
INSERT INTO But(idMatch, idJoueur, idEquipe, Minute)
VALUES
(
101, 11, 'CRD', 72
);

/* INSERT QUERY NO: 300 */
INSERT INTO But(idMatch, idJoueur, idEquipe, Minute)
VALUES
(
102, 20, 'JSMR', 48
);

/* INSERT QUERY NO: 301 */
INSERT INTO But(idMatch, idJoueur, idEquipe, Minute)
VALUES
(
102, 20, 'JSMR', 86
);

/* INSERT QUERY NO: 302 */
INSERT INTO But(idMatch, idJoueur, idEquipe, Minute)
VALUES
(
102, 7, 'JSMR', 90
);

/* INSERT QUERY NO: 303 */
INSERT INTO But(idMatch, idJoueur, idEquipe, Minute)
VALUES
(
102, 22, 'JSMR', 39
);

/* INSERT QUERY NO: 304 */
INSERT INTO But(idMatch, idJoueur, idEquipe, Minute)
VALUES
(
102, 21, 'JSMR', 69
);

/* INSERT QUERY NO: 305 */
INSERT INTO But(idMatch, idJoueur, idEquipe, Minute)
VALUES
(
102, 7, 'JSMR', 46
);

/* INSERT QUERY NO: 306 */
INSERT INTO But(idMatch, idJoueur, idEquipe, Minute)
VALUES
(
102, 11, 'JSMR', 11
);

/* INSERT QUERY NO: 307 */
INSERT INTO But(idMatch, idJoueur, idEquipe, Minute)
VALUES
(
103, 22, 'JSOMA', 49
);

/* INSERT QUERY NO: 308 */
INSERT INTO But(idMatch, idJoueur, idEquipe, Minute)
VALUES
(
103, 22, 'JSOMA', 84
);

/* INSERT QUERY NO: 309 */
INSERT INTO But(idMatch, idJoueur, idEquipe, Minute)
VALUES
(
103, 12, 'JSOMA', 88
);

/* INSERT QUERY NO: 310 */
INSERT INTO But(idMatch, idJoueur, idEquipe, Minute)
VALUES
(
103, 15, 'JSOMA', 37
);

/* INSERT QUERY NO: 311 */
INSERT INTO But(idMatch, idJoueur, idEquipe, Minute)
VALUES
(
103, 23, 'JSOMA', 70
);

/* INSERT QUERY NO: 312 */
INSERT INTO But(idMatch, idJoueur, idEquipe, Minute)
VALUES
(
104, 24, 'IRBAT', 50
);

/* INSERT QUERY NO: 313 */
INSERT INTO But(idMatch, idJoueur, idEquipe, Minute)
VALUES
(
104, 24, 'IRBAT', 82
);

/* INSERT QUERY NO: 314 */
INSERT INTO But(idMatch, idJoueur, idEquipe, Minute)
VALUES
(
104, 14, 'JSBB', 86
);

/* INSERT QUERY NO: 315 */
INSERT INTO But(idMatch, idJoueur, idEquipe, Minute)
VALUES
(
104, 2, 'JSBB', 90
);

/* INSERT QUERY NO: 316 */
INSERT INTO But(idMatch, idJoueur, idEquipe, Minute)
VALUES
(
105, 24, 'AASR', 51
);

/* INSERT QUERY NO: 317 */
INSERT INTO But(idMatch, idJoueur, idEquipe, Minute)
VALUES
(
105, 12, 'AASR', 80
);

/* INSERT QUERY NO: 318 */
INSERT INTO But(idMatch, idJoueur, idEquipe, Minute)
VALUES
(
105, 16, 'CRH', 84
);

/* INSERT QUERY NO: 319 */
INSERT INTO But(idMatch, idJoueur, idEquipe, Minute)
VALUES
(
106, 1, 'CMBK', 52
);

/* INSERT QUERY NO: 320 */
INSERT INTO But(idMatch, idJoueur, idEquipe, Minute)
VALUES
(
106, 1, 'CMBK', 70
);

/* INSERT QUERY NO: 321 */
INSERT INTO But(idMatch, idJoueur, idEquipe, Minute)
VALUES
(
106, 18, 'CRD', 33
);

/* INSERT QUERY NO: 322 */
INSERT INTO But(idMatch, idJoueur, idEquipe, Minute)
VALUES
(
106, 6, 'CRD', 86
);

/* INSERT QUERY NO: 323 */
INSERT INTO But(idMatch, idJoueur, idEquipe, Minute)
VALUES
(
106, 6, 'CRD', 73
);

/* INSERT QUERY NO: 324 */
INSERT INTO But(idMatch, idJoueur, idEquipe, Minute)
VALUES
(
107, 3, 'CRBH', 53
);

/* INSERT QUERY NO: 325 */
INSERT INTO But(idMatch, idJoueur, idEquipe, Minute)
VALUES
(
107, 3, 'WRDBK', 71
);

/* INSERT QUERY NO: 326 */
INSERT INTO But(idMatch, idJoueur, idEquipe, Minute)
VALUES
(
108, 5, 'JSBB', 11
);

/* INSERT QUERY NO: 327 */
INSERT INTO But(idMatch, idJoueur, idEquipe, Minute)
VALUES
(
108, 5, 'WRDBK', 54
);

/* INSERT QUERY NO: 328 */
INSERT INTO But(idMatch, idJoueur, idEquipe, Minute)
VALUES
(
108, 5, 'JSBB', 72
);

/* INSERT QUERY NO: 329 */
INSERT INTO But(idMatch, idJoueur, idEquipe, Minute)
VALUES
(
108, 22, 'JSBB', 37
);

/* INSERT QUERY NO: 330 */
INSERT INTO But(idMatch, idJoueur, idEquipe, Minute)
VALUES
(
108, 10, 'JSBB', 82
);

/* INSERT QUERY NO: 331 */
INSERT INTO But(idMatch, idJoueur, idEquipe, Minute)
VALUES
(
108, 8, 'JSBB', 75
);

/* INSERT QUERY NO: 332 */
INSERT INTO But(idMatch, idJoueur, idEquipe, Minute)
VALUES
(
108, 9, 'JSBB', 10
);

/* INSERT QUERY NO: 333 */
INSERT INTO But(idMatch, idJoueur, idEquipe, Minute)
VALUES
(
108, 23, 'JSBB', 17
);

/* INSERT QUERY NO: 334 */
INSERT INTO But(idMatch, idJoueur, idEquipe, Minute)
VALUES
(
109, 11, 'CRH', 39
);

/* INSERT QUERY NO: 335 */
INSERT INTO But(idMatch, idJoueur, idEquipe, Minute)
VALUES
(
110, 11, 'AASR', 38
);

/* INSERT QUERY NO: 336 */
INSERT INTO But(idMatch, idJoueur, idEquipe, Minute)
VALUES
(
110, 14, 'AASR', 39
);

/* INSERT QUERY NO: 337 */
INSERT INTO But(idMatch, idJoueur, idEquipe, Minute)
VALUES
(
110, 12, 'AASR', 40
);

/* INSERT QUERY NO: 338 */
INSERT INTO But(idMatch, idJoueur, idEquipe, Minute)
VALUES
(
110, 4, 'AASR', 41
);

/* INSERT QUERY NO: 339 */
INSERT INTO But(idMatch, idJoueur, idEquipe, Minute)
VALUES
(
110, 1, 'AASR', 42
);

/* INSERT QUERY NO: 340 */
INSERT INTO But(idMatch, idJoueur, idEquipe, Minute)
VALUES
(
110, 1, 'AASR', 1
);

/* INSERT QUERY NO: 341 */
INSERT INTO But(idMatch, idJoueur, idEquipe, Minute)
VALUES
(
110, 4, 'CRS', 56
);

/* INSERT QUERY NO: 342 */
INSERT INTO But(idMatch, idJoueur, idEquipe, Minute)
VALUES
(
110, 9, 'CRS', 88
);

/* INSERT QUERY NO: 343 */
INSERT INTO But(idMatch, idJoueur, idEquipe, Minute)
VALUES
(
110, 11, 'AASR', 37
);

/* INSERT QUERY NO: 344 */
INSERT INTO But(idMatch, idJoueur, idEquipe, Minute)
VALUES
(
110, 14, 'AASR', 70
);

/* INSERT QUERY NO: 345 */
INSERT INTO But(idMatch, idJoueur, idEquipe, Minute)
VALUES
(
110, 12, 'AASR', 77
);

/* INSERT QUERY NO: 346 */
INSERT INTO But(idMatch, idJoueur, idEquipe, Minute)
VALUES
(
110, 4, 'AASR', 12
);

/* INSERT QUERY NO: 347 */
INSERT INTO But(idMatch, idJoueur, idEquipe, Minute)
VALUES
(
110, 1, 'AASR', 19
);

/* INSERT QUERY NO: 348 */
INSERT INTO But(idMatch, idJoueur, idEquipe, Minute)
VALUES
(
110, 7, 'AASR', 57
);

/* INSERT QUERY NO: 349 */
INSERT INTO But(idMatch, idJoueur, idEquipe, Minute)
VALUES
(
111, 11, 'CRD', 86
);

/* INSERT QUERY NO: 350 */
INSERT INTO But(idMatch, idJoueur, idEquipe, Minute)
VALUES
(
113, 13, 'JSOMA', 59
);

/* INSERT QUERY NO: 351 */
INSERT INTO But(idMatch, idJoueur, idEquipe, Minute)
VALUES
(
113, 15, 'JSOMA', 33
);

/* INSERT QUERY NO: 352 */
INSERT INTO But(idMatch, idJoueur, idEquipe, Minute)
VALUES
(
113, 5, 'JSOMA', 86
);

/* INSERT QUERY NO: 353 */
INSERT INTO But(idMatch, idJoueur, idEquipe, Minute)
VALUES
(
113, 20, 'IRBAT', 90
);

/* INSERT QUERY NO: 354 */
INSERT INTO But(idMatch, idJoueur, idEquipe, Minute)
VALUES
(
114, 16, 'CRD', 60
);

/* INSERT QUERY NO: 355 */
INSERT INTO But(idMatch, idJoueur, idEquipe, Minute)
VALUES
(
114, 17, 'CRD', 70
);

/* INSERT QUERY NO: 356 */
INSERT INTO But(idMatch, idJoueur, idEquipe, Minute)
VALUES
(
114, 22, 'CRD', 84
);

/* INSERT QUERY NO: 357 */
INSERT INTO But(idMatch, idJoueur, idEquipe, Minute)
VALUES
(
114, 22, 'CRD', 88
);

/* INSERT QUERY NO: 358 */
INSERT INTO But(idMatch, idJoueur, idEquipe, Minute)
VALUES
(
114, 14, 'CRD', 81
);

/* INSERT QUERY NO: 359 */
INSERT INTO But(idMatch, idJoueur, idEquipe, Minute)
VALUES
(
114, 12, 'CRD', 16
);

/* INSERT QUERY NO: 360 */
INSERT INTO But(idMatch, idJoueur, idEquipe, Minute)
VALUES
(
114, 9, 'WRDBK', 23
);

/* INSERT QUERY NO: 361 */
INSERT INTO But(idMatch, idJoueur, idEquipe, Minute)
VALUES
(
114, 9, 'WRDBK', 30
);

/* INSERT QUERY NO: 362 */
INSERT INTO But(idMatch, idJoueur, idEquipe, Minute)
VALUES
(
114, 9, 'WRDBK', 37
);

/* INSERT QUERY NO: 363 */
INSERT INTO But(idMatch, idJoueur, idEquipe, Minute)
VALUES
(
115, 24, 'JSMR', 82
);

/* INSERT QUERY NO: 364 */
INSERT INTO But(idMatch, idJoueur, idEquipe, Minute)
VALUES
(
115, 24, 'JSMR', 86
);

/* INSERT QUERY NO: 365 */
INSERT INTO But(idMatch, idJoueur, idEquipe, Minute)
VALUES
(
115, 16, 'JSMR', 82
);

/* INSERT QUERY NO: 366 */
INSERT INTO But(idMatch, idJoueur, idEquipe, Minute)
VALUES
(
115, 14, 'JSMR', 17
);

/* INSERT QUERY NO: 367 */
INSERT INTO But(idMatch, idJoueur, idEquipe, Minute)
VALUES
(
115, 12, 'JSMR', 24
);

/* INSERT QUERY NO: 368 */
INSERT INTO But(idMatch, idJoueur, idEquipe, Minute)
VALUES
(
116, 16, 'CRBH', 18
);

/* INSERT QUERY NO: 369 */
INSERT INTO But(idMatch, idJoueur, idEquipe, Minute)
VALUES
(
116, 11, 'CRBH', 25
);

/* INSERT QUERY NO: 370 */
INSERT INTO But(idMatch, idJoueur, idEquipe, Minute)
VALUES
(
117, 18, 'CMBK', 19
);

/* INSERT QUERY NO: 371 */
INSERT INTO But(idMatch, idJoueur, idEquipe, Minute)
VALUES
(
117, 7, 'CMBK', 26
);

/* INSERT QUERY NO: 372 */
INSERT INTO But(idMatch, idJoueur, idEquipe, Minute)
VALUES
(
118, 22, 'JSOMA', 5
);

/* INSERT QUERY NO: 373 */
INSERT INTO But(idMatch, idJoueur, idEquipe, Minute)
VALUES
(
118, 20, 'JSOMA', 20
);

/* INSERT QUERY NO: 374 */
INSERT INTO But(idMatch, idJoueur, idEquipe, Minute)
VALUES
(
118, 12, 'JSOMA', 27
);

/* INSERT QUERY NO: 375 */
INSERT INTO But(idMatch, idJoueur, idEquipe, Minute)
VALUES
(
119, 4, 'CRD', 65
);

/* INSERT QUERY NO: 376 */
INSERT INTO But(idMatch, idJoueur, idEquipe, Minute)
VALUES
(
119, 11, 'CRD', 88
);

/* INSERT QUERY NO: 377 */
INSERT INTO But(idMatch, idJoueur, idEquipe, Minute)
VALUES
(
119, 5, 'CRD', 72
);

/* INSERT QUERY NO: 378 */
INSERT INTO But(idMatch, idJoueur, idEquipe, Minute)
VALUES
(
119, 5, 'CRD', 37
);

/* INSERT QUERY NO: 379 */
INSERT INTO But(idMatch, idJoueur, idEquipe, Minute)
VALUES
(
119, 24, 'CRD', 6
);

/* INSERT QUERY NO: 380 */
INSERT INTO But(idMatch, idJoueur, idEquipe, Minute)
VALUES
(
119, 22, 'CRD', 21
);

/* INSERT QUERY NO: 381 */
INSERT INTO But(idMatch, idJoueur, idEquipe, Minute)
VALUES
(
119, 14, 'CRD', 28
);

/* INSERT QUERY NO: 382 */
INSERT INTO But(idMatch, idJoueur, idEquipe, Minute)
VALUES
(
120, 6, 'JSMR', 66
);

/* INSERT QUERY NO: 383 */
INSERT INTO But(idMatch, idJoueur, idEquipe, Minute)
VALUES
(
120, 11, 'JSMR', 86
);

/* INSERT QUERY NO: 384 */
INSERT INTO But(idMatch, idJoueur, idEquipe, Minute)
VALUES
(
120, 1, 'JSMR', 90
);

/* INSERT QUERY NO: 385 */
INSERT INTO But(idMatch, idJoueur, idEquipe, Minute)
VALUES
(
120, 7, 'JSMR', 39
);

/* INSERT QUERY NO: 386 */
INSERT INTO But(idMatch, idJoueur, idEquipe, Minute)
VALUES
(
120, 5, 'JSMR', 7
);

/* INSERT QUERY NO: 387 */
INSERT INTO But(idMatch, idJoueur, idEquipe, Minute)
VALUES
(
120, 24, 'JSMR', 22
);

/* INSERT QUERY NO: 388 */
INSERT INTO But(idMatch, idJoueur, idEquipe, Minute)
VALUES
(
120, 16, 'WRDBK', 29
);

/* INSERT QUERY NO: 389 */
INSERT INTO But(idMatch, idJoueur, idEquipe, Minute)
VALUES
(
121, 7, 'AASR', 84
);

/* INSERT QUERY NO: 390 */
INSERT INTO But(idMatch, idJoueur, idEquipe, Minute)
VALUES
(
121, 4, 'AASR', 88
);

/* INSERT QUERY NO: 391 */
INSERT INTO But(idMatch, idJoueur, idEquipe, Minute)
VALUES
(
121, 9, 'AASR', 37
);

/* INSERT QUERY NO: 392 */
INSERT INTO But(idMatch, idJoueur, idEquipe, Minute)
VALUES
(
121, 1, 'AASR', 8
);

/* INSERT QUERY NO: 393 */
INSERT INTO But(idMatch, idJoueur, idEquipe, Minute)
VALUES
(
121, 7, 'AASR', 23
);

/* INSERT QUERY NO: 394 */
INSERT INTO But(idMatch, idJoueur, idEquipe, Minute)
VALUES
(
121, 18, 'AASR', 30
);

/* INSERT QUERY NO: 395 */
INSERT INTO But(idMatch, idJoueur, idEquipe, Minute)
VALUES
(
122, 3, 'CRBH', 9
);

/* INSERT QUERY NO: 396 */
INSERT INTO But(idMatch, idJoueur, idEquipe, Minute)
VALUES
(
122, 1, 'CRBH', 24
);

/* INSERT QUERY NO: 397 */
INSERT INTO But(idMatch, idJoueur, idEquipe, Minute)
VALUES
(
122, 20, 'CRBH', 31
);

/* INSERT QUERY NO: 398 */
INSERT INTO But(idMatch, idJoueur, idEquipe, Minute)
VALUES
(
123, 5, 'JSMR', 10
);

/* INSERT QUERY NO: 399 */
INSERT INTO But(idMatch, idJoueur, idEquipe, Minute)
VALUES
(
123, 3, 'JSMR', 25
);

/* INSERT QUERY NO: 400 */
INSERT INTO But(idMatch, idJoueur, idEquipe, Minute)
VALUES
(
123, 22, 'JSMR', 32
);

/* INSERT QUERY NO: 401 */
INSERT INTO But(idMatch, idJoueur, idEquipe, Minute)
VALUES
(
124, 24, 'AASR', 33
);

/* INSERT QUERY NO: 402 */
INSERT INTO But(idMatch, idJoueur, idEquipe, Minute)
VALUES
(
125, 16, 'CRD', 71
);

/* INSERT QUERY NO: 403 */
INSERT INTO But(idMatch, idJoueur, idEquipe, Minute)
VALUES
(
125, 11, 'CRD', 71
);

/* INSERT QUERY NO: 404 */
INSERT INTO But(idMatch, idJoueur, idEquipe, Minute)
VALUES
(
125, 16, 'CRD', 70
);

/* INSERT QUERY NO: 405 */
INSERT INTO But(idMatch, idJoueur, idEquipe, Minute)
VALUES
(
125, 17, 'CRD', 84
);

/* INSERT QUERY NO: 406 */
INSERT INTO But(idMatch, idJoueur, idEquipe, Minute)
VALUES
(
125, 4, 'CRD', 12
);

/* INSERT QUERY NO: 407 */
INSERT INTO But(idMatch, idJoueur, idEquipe, Minute)
VALUES
(
125, 7, 'CRD', 27
);

/* INSERT QUERY NO: 408 */
INSERT INTO But(idMatch, idJoueur, idEquipe, Minute)
VALUES
(
125, 9, 'CRD', 34
);

/* INSERT QUERY NO: 409 */
INSERT INTO But(idMatch, idJoueur, idEquipe, Minute)
VALUES
(
125, 11, 'CRD', 85
);

/* INSERT QUERY NO: 410 */
INSERT INTO But(idMatch, idJoueur, idEquipe, Minute)
VALUES
(
125, 16, 'CRD', 86
);

/* INSERT QUERY NO: 411 */
INSERT INTO But(idMatch, idJoueur, idEquipe, Minute)
VALUES
(
125, 17, 'CRD', 87
);

/* INSERT QUERY NO: 412 */
INSERT INTO But(idMatch, idJoueur, idEquipe, Minute)
VALUES
(
125, 4, 'CRD', 88
);

/* INSERT QUERY NO: 413 */
INSERT INTO But(idMatch, idJoueur, idEquipe, Minute)
VALUES
(
125, 7, 'CRD', 89
);

/* INSERT QUERY NO: 414 */
INSERT INTO But(idMatch, idJoueur, idEquipe, Minute)
VALUES
(
125, 9, 'CRD', 9
);

/* INSERT QUERY NO: 415 */
INSERT INTO But(idMatch, idJoueur, idEquipe, Minute)
VALUES
(
126, 19, 'WRDBK', 37
);

/* INSERT QUERY NO: 416 */
INSERT INTO But(idMatch, idJoueur, idEquipe, Minute)
VALUES
(
126, 19, 'WRDBK', 82
);

/* INSERT QUERY NO: 417 */
INSERT INTO But(idMatch, idJoueur, idEquipe, Minute)
VALUES
(
126, 7, 'WRDBK', 13
);

/* INSERT QUERY NO: 418 */
INSERT INTO But(idMatch, idJoueur, idEquipe, Minute)
VALUES
(
126, 9, 'WRDBK', 28
);

/* INSERT QUERY NO: 419 */
INSERT INTO But(idMatch, idJoueur, idEquipe, Minute)
VALUES
(
126, 1, 'CRH', 35
);

/* INSERT QUERY NO: 420 */
INSERT INTO But(idMatch, idJoueur, idEquipe, Minute)
VALUES
(
127, 10, 'CMBK', 14
);

/* INSERT QUERY NO: 421 */
INSERT INTO But(idMatch, idJoueur, idEquipe, Minute)
VALUES
(
127, 11, 'CMBK', 29
);

/* INSERT QUERY NO: 422 */
INSERT INTO But(idMatch, idJoueur, idEquipe, Minute)
VALUES
(
127, 3, 'CMBK', 36
);

/* INSERT QUERY NO: 423 */
INSERT INTO But(idMatch, idJoueur, idEquipe, Minute)
VALUES
(
128, 5, 'JSOMA', 37
);

/* INSERT QUERY NO: 424 */
INSERT INTO But(idMatch, idJoueur, idEquipe, Minute)
VALUES
(
129, 5, 'CMBK', 71
);

/* INSERT QUERY NO: 425 */
INSERT INTO But(idMatch, idJoueur, idEquipe, Minute)
VALUES
(
129, 16, 'JSBB', 16
);

/* INSERT QUERY NO: 426 */
INSERT INTO But(idMatch, idJoueur, idEquipe, Minute)
VALUES
(
129, 15, 'JSBB', 31
);

/* INSERT QUERY NO: 427 */
INSERT INTO But(idMatch, idJoueur, idEquipe, Minute)
VALUES
(
131, 1, 'JSMR', 77
);

/* INSERT QUERY NO: 428 */
INSERT INTO But(idMatch, idJoueur, idEquipe, Minute)
VALUES
(
131, 20, 'JSMR', 33
);

/* INSERT QUERY NO: 429 */
INSERT INTO But(idMatch, idJoueur, idEquipe, Minute)
VALUES
(
131, 6, 'AASR', 86
);

/* INSERT QUERY NO: 430 */
INSERT INTO But(idMatch, idJoueur, idEquipe, Minute)
VALUES
(
132, 22, 'CRBH', 70
);

/* INSERT QUERY NO: 431 */
INSERT INTO But(idMatch, idJoueur, idEquipe, Minute)
VALUES
(
132, 8, 'CRBH', 84
);

/* INSERT QUERY NO: 432 */
INSERT INTO But(idMatch, idJoueur, idEquipe, Minute)
VALUES
(
132, 7, 'CRBH', 88
);

/* INSERT QUERY NO: 433 */
INSERT INTO But(idMatch, idJoueur, idEquipe, Minute)
VALUES
(
132, 4, 'CRBH', 19
);

/* INSERT QUERY NO: 434 */
INSERT INTO But(idMatch, idJoueur, idEquipe, Minute)
VALUES
(
132, 21, 'CRBH', 34
);
